company_ticker,company_name
A32,Công ty Cổ phần 32
AAA,Công ty Cổ phần Nhựa An Phát Xanh
AAM,Công ty Cổ Phần Thủy Sản MeKong
AAS,Công ty Cổ phần Chứng khoán SmartInvest
AAT,Công ty Cổ phần Tập đoàn Tiên Sơn Thanh Hóa
AAV,Công ty Cổ phần AAV Group
ABB,Ngân hàng Thương mại Cổ phần An Bình
ABC,Công ty Cổ phần Truyền thông VMG
ABI,Công ty Cổ phần Bảo hiểm Ngân hàng Nông Nghiệp
ABR,Công ty Cổ phần Đầu tư Nhãn Hiệu Việt
ABS,Công ty Cổ phần Dịch vụ Nông nghiệp Bình Thuận
ABT,Công ty Cổ phần Xuất nhập khẩu Thủy sản Bến Tre
ABW,Công ty Cổ phần Chứng khoán An Bình
ACB,Ngân hàng Thương mại Cổ phần Á Châu
ACC,Công ty Cổ phần Đầu tư và Xây dựng Bình Dương ACC
ACE,Công ty Cổ phần Bê tông ly tâm An Giang
ACG,Công ty Cổ phần Gỗ An Cường
ACL,Công ty Cổ phần Xuất nhập khẩu Thủy sản Cửu Long An Giang
ACM,Công ty Cổ phần Tập đoàn Khoáng sản Á Cường
ACS,Công ty Cổ phần Xây lắp Thương mại 2
ACV,Tổng Công ty Cảng Hàng không Việt Nam - CTCP
ADC,Công ty Cổ phần Mĩ thuật và Truyền thông
ADG,Công ty Cổ phần Clever Group
ADP,Công ty Cổ phần Sơn Á Đông
ADS,Công ty Cổ phần DAMSAN
AFX,Công ty Cổ phần Xuất Nhập khẩu Nông sản Thực phẩm An Giang
AG1,Công ty Cổ phần 28.1
AGE,Công ty Cổ phần Môi trường Đô thị An Giang
AGF,Công ty Cổ phần Xuất nhập khẩu Thủy sản An Giang
AGG,Công ty Cổ phần Đầu tư và Phát triển Bất động sản An Gia
AGM,Công ty Cổ phần Xuất nhập khẩu An Giang
AGP,Công ty Cổ phần Dược phẩm AGIMEXPHARM
AGR,Công ty Cổ phần Chứng khoán AGRIBANK
AGX,Công ty Cổ phần Thực phẩm Nông sản Xuất khẩu Sài Gòn
AIC,Tổng Công ty Cổ phần Bảo hiểm Hàng không
ALT,Công ty Cổ phần Văn hóa Tân Bình
ALV,Công ty Cổ phần Xây dựng ALVICO
AMC,Công ty Cổ phần Khoáng sản Á Châu
AMD,Công ty Cổ phần Đầu tư và Khoáng sản FLC Stone
AME,Công ty cổ phần Alphanam E&C
AMP,Công ty Cổ phần Armephaco
AMS,Công ty Cổ phần Cơ khí Xây dựng AMECC
AMV,Công ty Cổ phần Sản xuất Kinh doanh Dược và Trang thiết bị Y tế Việt Mỹ
ANT,Công ty Cổ phần Rau quả Thực phẩm An Giang
ANV,Công ty Cổ phần Nam Việt
APC,Công ty Cổ phần Chiếu xạ An Phú
APF,Công ty Cổ phần Nông sản Thực phẩm Quảng Ngãi
APG,Công ty Cổ phần Chứng khoán APG
APH,Công ty Cổ phần Tập đoàn An Phát Holdings
API,Công ty Cổ phần Đầu tư Châu Á - Thái Bình Dương
APL,Công ty Cổ phần Cơ khí và Thiết bị áp lực - VVMI
APP,Công ty Cổ phần Phát triển Phụ gia và Sản phẩm dầu mỏ
APS,Công ty Cổ phần Chứng khoán Châu Á - Thái Bình Dương
APT,Công ty Cổ phần Kinh doanh thủy hải sản Sài Gòn
ARM,Công ty Cổ phần Xuất nhập khẩu Hàng không
ART,Công ty Cổ phần Chứng khoán BOS
ASA,Công ty Cổ phần ASA
ASG,Công ty Cổ phần Tập đoàn ASG
ASM,Công ty Cổ phần Tập đoàn Sao Mai
ASP,Công ty Cổ phần Tập đoàn Dầu khí An Pha
AST,Công ty Cổ phần Dịch vụ Hàng không Taseco
ATA,Công ty Cổ phần NTACO
ATB,Công ty Cổ phần An Thịnh
ATG,Công ty Cổ phần An Trường An
ATS,Công ty Cổ phần Tập đoàn Dược phẩm Atesco
AVC,Công ty Cổ phần Thủy điện A Vương
AVF,Công ty Cổ phần Việt An
B82,Công ty Cổ phần 482
BAB,Ngân hàng Thương mại Cổ phần Bắc Á
BAF,Công ty Cổ phần Nông nghiệp BAF Việt Nam
BAL,Công ty Cổ phần Bao bì Bia - Rượu - Nước giải khát
BAX,Công ty Cổ phần Thống Nhất
BBC,Công ty Cổ phần Bibica
BBH,Công ty Cổ phần Bao bì Hoàng Thạch
BBM,Công ty Cổ phần Bia Hà Nội - Nam Định
BBS,Công ty Cổ phần VICEM Bao bì Bút Sơn
BBT,Công ty Cổ phần Bông Bạch Tuyết
BCA,Công ty cổ phần B.C.H
BCB,Công ty Cổ phần 397
BCC,Công ty Cổ phần Xi măng Bỉm Sơn
BCE,Công ty Cổ phần Xây dựng và Giao thông Bình Dương
BCF,Công ty Cổ phần Thực phẩm Bích Chi
BCG,Công ty Cổ phần Tập đoàn Bamboo Capital
BCM,Tổng Công ty Đầu tư và Phát triển Công nghiệp - CTCP
BCO,Công ty Cổ phần Xây dựng Bình Phước
BCP,Công ty Cổ phần Dược Enlie
BCV,Công ty cổ phần Du lịch và Thương mại Bằng Giang Cao Bằng - Vimico
BDB,Công ty Cổ phần Sách và Thiết bị Bình Định
BDG,Công ty Cổ phần May mặc Bình Dương
BDT,Công ty Cổ phần Xây lắp và Vật liệu xây dựng Đồng Tháp
BDW,Công ty Cổ phần Cấp thoát nước Bình Định
BED,Công ty Cổ phần Sách và Thiết bị trường học Đà Nẵng
BEL,Công ty Cổ phần Điện tử Biên Hòa
BFC,Công ty Cổ phần Phân bón Bình Điền
BGW,Công ty Cổ phần Nước sạch Bắc Giang
BHA,Công ty cổ phần Thủy điện Bắc Hà
BHC,Công ty Cổ phần Bê tông Biên Hòa
BHG,Công ty Cổ phần Chè Biển Hồ
BHI,Tổng Công ty Cổ phần Bảo hiểm Sài Gòn - Hà Nội
BHK,Công ty Cổ phần Bia Hà Nội - Kim Bài
BHN,Tổng Công ty Cổ phần Bia - Rượu - Nước giải khát Hà Nội
BHP,Công ty Cổ phần Bia Hà Nội - Hải Phòng
BIC,Tổng Công ty Cổ phần Bảo hiểm Ngân hàng Đầu tư và Phát triển Việt Nam
BID,Ngân hàng Thương mại Cổ phần Đầu tư và Phát triển Việt Nam
BIG,Công ty cổ phần BIG Invest Group
BII,Công ty Cổ phần Đầu tư và Phát triển Công nghiệp Bảo Thư
BIO,Công ty Cổ phần Vắc xin và Sinh phẩm Nha Trang
BKC,Công ty Cổ phần Khoáng sản Bắc Kạn
BKG,Công ty Cổ phần Đầu tư BKG Việt Nam
BKH,Công ty Cổ phần Bánh mứt kẹo Hà Nội
BLF,Công ty Cổ phần Thủy sản Bạc Liêu
BLI,Tổng Công ty Cổ phần Bảo hiểm Bảo Long
BLN,Công ty Cổ phần Vận tải và Dịch vụ Liên Ninh
BLT,Công ty Cổ phần Lương thực Bình Định
BLW,Công ty Cổ phần Cấp nước Bạc Liêu
BMC,Công ty Cổ phần Khoáng sản Bình Định
BMD,Công ty Cổ phần Môi trường và Dịch vụ Đô thị Bình Thuận
BMF,Công ty Cổ phần Vật liệu Xây dựng và Chất đốt Đồng Nai
BMG,Công ty Cổ phần May Bình Minh
BMI,Tổng Công ty Cổ phần Bảo Minh
BMJ,Công ty Cổ phần Khoáng sản Miền Đông AHP
BMN,Công ty Cổ phần 715
BMP,Công ty Cổ phần Nhựa Bình Minh
BMS,Công ty Cổ phần Chứng khoán Bảo Minh
BMV,Công ty Cổ phần Bột mỳ Vinafood 1
BNA,Công ty Cổ phần Đầu tư Sản xuất Bảo Ngọc
BNW,Công ty Cổ phần Nước sạch Bắc Ninh
BOT,Công ty Cổ phần BOT Cầu Thái Hà
BPC,Công ty Cổ phần Vicem Bao bì Bỉm Sơn
BQB,Công ty Cổ phần Bia Hà Nội - Quảng Bình
BRC,Công ty Cổ phần Cao su Bến Thành
BRR,Công ty Cổ phần Cao su Bà Rịa
BRS,Công ty Cổ phần Dịch vụ Đô thị Bà Rịa
BSA,Công ty Cổ phần Thủy điện Buôn Đôn
BSC,Công ty Cổ phần Dịch vụ Bến Thành
BSD,"Công ty Cổ phần Bia, Rượu Sài Gòn - Đồng Xuân"
BSG,Công ty Cổ phần Xe khách Sài Gòn
BSH,Công ty Cổ phần Bia Sài Gòn - Hà Nội
BSI,Công ty Cổ phần Chứng khoán BIDV
BSL,Công ty Cổ phần Bia Sài Gòn - Sông Lam
BSP,Công ty Cổ phần Bia Sài Gòn - Phú Thọ
BSQ,Công ty Cổ phần Bia Sài Gòn - Quảng Ngãi
BSR,Công ty Cổ phần Lọc Hóa dầu Bình Sơn
BST,Công ty Cổ phần Sách và Thiết bị Bình Thuận
BT1,Công ty Cổ phần Bảo vệ thực vật 1 Trung ương
BT6,Công ty Cổ phần BETON 6
BTB,Công ty Cổ phần Bia Hà Nội - Thái Bình
BTD,Công ty Cổ phần Bê tông ly tâm Thủ Đức
BTG,Công ty Cổ phần Bao bì Tiền Giang
BTH,Công ty Cổ phần Chế tạo Biến thế và Vật liệu Điện Hà Nội
BTN,Công ty Cổ phần Đầu tư Bitco Bình Định
BTP,Công ty Cổ phần Nhiệt điện Bà Rịa
BTS,Công ty Cổ phần Xi măng VICEM Bút Sơn
BTT,Công ty Cổ phần Thương mại - Dịch vụ Bến Thành
BTU,Công ty Cổ phần Công trình Đô thị Bến Tre
BTV,Công ty Cổ phần Dịch vụ Du lịch Bến Thành
BTW,Công ty Cổ phần Cấp nước Bến Thành
BVB,Ngân hàng Thương mại Cổ phần Bản Việt
BVG,Công ty cổ phần Group Bắc Việt
BVH,Tập đoàn Bảo Việt
BVL,Công ty Cổ phần BV Land
BVN,Công ty Cổ phần Bông Việt Nam
BVS,Công ty Cổ phần Chứng khoán Bảo Việt
BWA,Công ty Cổ phần Cấp thoát nước và Xây dựng Bảo Lộc
BWE,Công ty Cổ phần - Tổng công ty Nước - Môi trường Bình Dương
BWS,Công ty Cổ phần Cấp Nước Bà Rịa - Vũng Tàu
BXH,Công ty Cổ phần VICEM Bao bì Hải Phòng
C12,Công ty Cổ phần Cầu 12
C21,Công ty Cổ phần Thế kỷ 21
C22,Công ty Cổ phần 22
C32,Công ty Cổ phần CIC39
C47,Công ty Cổ phần Xây dựng 47
C4G,Công ty Cổ phần Tập Đoàn Cienco4
C69,Công ty Cổ phần Xây dựng 1369
C92,Công ty Cổ phần Xây dựng và Đầu tư 492
CAB,Công ty Cổ phần Tổng Công ty Truyền hình Cáp Việt Nam
CAD,Công ty Cổ phần Chế biến và Xuất khẩu Thủy sản Cadovimex
CAG,Công ty Cổ phần Cảng An Giang
CAN,Công ty Cổ phần Đồ hộp Hạ Long
CAP,Công ty Cổ phần Lâm Nông sản Thực phẩm Yên Bái
CAR,Công ty cổ phần Tập đoàn Giáo dục Trí Việt
CAT,Công ty Cổ phần Thủy sản Cà Mau
CAV,Công ty CP Dây cáp điện Việt Nam
CBI,Công ty Cổ phần Gang thép Cao Bằng
CBS,Công ty Cổ phần Mía đường Cao Bằng
CC1,Tổng Công ty Xây dựng số 1 - CTCP
CC4,Công ty Cổ phần Đầu tư và Xây dựng số 4
CCA,Công ty Cổ phần Xuất nhập khẩu Thủy sản Cần Thơ
CCI,Công ty Cổ phần Đầu tư Phát triển Công nghiệp Thương mại Củ Chi
CCL,Công ty Cổ phần Đầu tư và Phát triển Đô thị Dầu khí Cửu Long
CCM,Công ty Cổ phần Khoáng sản và Xi măng Cần Thơ
CCP,Công ty Cổ phần Cảng Cửa Cấm Hải Phòng
CCR,Công ty Cổ phần Cảng Cam Ranh
CCT,Công ty Cổ phần Cảng Cần Thơ
CCV,Công ty Cổ phần Tư vấn Xây dựng Công nghiệp và Đô thị Việt Nam
CDC,Công ty Cổ phần Chương Dương
CDG,Công ty Cổ phần Cầu Đuống
CDH,Công ty Cổ phần Công trình Công cộng và Dịch vụ Du lịch Hải Phòng
CDN,Công ty Cổ phần Cảng Đà Nẵng
CDO,Công ty Cổ phần Tư vấn Thiết kế và Phát triển Đô thị
CDP,Công ty Cổ phần Dược phẩm Trung ương Codupha
CDR,Công ty Cổ phần Xây dựng Cao su Đồng Nai
CE1,Công ty Cổ phần Xây dựng và Thiết bị Công nghiệp CIE1
CEG,Công ty Cổ phần Tập đoàn Xây dựng và Thiết bị Công nghiệp
CEN,Công ty Cổ phần CENCON Việt Nam
CEO,Công ty Cổ phần Tập đoàn C.E.O
CET,Công ty Cổ phần HTC Holding
CFM,Công ty Cổ phần Đầu tư CFM
CFV,Công ty Cổ phần Cà phê Thắng Lợi
CGV,Công ty Cổ phần Vinaceglass
CH5,Công ty Cổ phần Xây dựng số 5 Hà Nội
CHC,Công ty Cổ phần Cẩm Hà
CHP,Công ty Cổ phần Thủy điện Miền Trung
CHS,Công ty Cổ phần Chiếu sáng Công cộng Thành phố Hồ Chí Minh
CI5,Công ty Cổ phần Đầu tư Xây dựng số 5
CIA,Công ty Cổ Phần Dịch Vụ Sân Bay Quốc Tế Cam Ranh
CID,Công ty Cổ phần Xây dựng và Phát triển Cơ sở Hạ tầng
CIG,Công ty Cổ phần COMA 18
CII,Công ty Cổ phần Đầu tư Hạ tầng Kỹ thuật Thành phố Hồ Chí Minh
CIP,Công ty Cổ phần Xây lắp và Sản xuất Công nghiệp
CJC,Công ty Cổ phần Cơ điện Miền Trung
CK8,Công ty Cổ phần Cơ khí 120
CKA,Công ty Cổ phần Cơ khí An Giang
CKD,Công ty Cổ phần Cơ khí Đông Anh Licogi
CKG,Công ty Cổ phần Tập đoàn Tư vấn Đầu tư Xây dựng Kiên Giang
CKV,Công ty Cổ phần CokyVina
CLC,Công ty Cổ phần Cát Lợi
CLG,Công ty Cổ phần Đầu tư và Phát triển Nhà đất Cotec
CLH,Công ty Cổ phần Xi măng La Hiên VVMI
CLL,Công ty Cổ phần Cảng Cát Lái
CLM,Công ty Cổ phần Xuất nhập khẩu Than - Vinacomin
CLW,Công ty Cổ phần Cấp nước Chợ Lớn
CLX,Công ty Cổ phần Xuất nhập khẩu và Đầu tư Chợ Lớn (CHOLIMEX)
CMC,Công ty Cổ phần Đầu tư CMC
CMD,Công ty Cổ phần Vật liệu xây dựng và Trang trí nội thất TP Hồ Chí Minh
CMF,Công ty Cổ phần Thực phẩm Cholimex
CMG,Công ty Cổ phần Tập đoàn Công nghệ CMC
CMI,Công ty Cổ phần CMISTONE Việt Nam
CMK,Công ty Cổ phần Cơ khí Mạo Khê - Vinacomin
CMM,Công ty Cổ phần Camimex
CMN,Công ty Cổ phần Lương thực Thực phẩm Colusa - Miliket
CMP,Công ty Cổ phần Cảng Chân Mây
CMS,Công ty Cổ phần Tập đoàn CMH Việt Nam
CMT,Công ty Cổ phần Công nghệ mạng và Truyền thông
CMV,Công ty Cổ phần Thương nghiệp Cà Mau
CMW,Công ty Cổ phần Cấp nước Cà Mau
CMX,Công ty Cổ phần CAMIMEX Group
CNA,Công ty Cổ phần Tổng công ty Chè Nghệ An
CNC,Công ty Cổ phần Công nghệ cao Traphaco
CNG,Công ty Cổ phần CNG Việt Nam
CNN,"Công ty Cổ phần Tư vấn Công nghệ, Thiết bị và Kiểm định Xây dựng - CONINCO"
CNT,Công ty Cổ phần Tập đoàn CNT
COM,Công ty Cổ phần Vật tư Xăng dầu
CPA,Công ty Cổ phần Cà phê Phước An
CPC,Công ty Cổ phần Thuốc sát trùng Cần Thơ
CPH,Công ty Cổ phần Phục vụ Mai táng Hải Phòng
CPI,Công ty Cổ phần Đầu tư Cảng Cái Lân
CQN,Công ty Cổ phần Cảng Quảng Ninh
CQT,Công ty Cổ phần Xi măng Quán Triều VVMI
CRC,Công ty Cổ phần Create Capital Việt Nam
CRE,Công ty Cổ phần Bất động sản Thế Kỷ
CSC,Công ty Cổ phần Tập đoàn COTANA
CSI,Công ty Cổ phần Chứng khoán Kiến thiết Việt Nam
CSM,Công ty Cổ phần Công nghiệp Cao su Miền Nam
CST,Công ty Cổ phần Than Cao Sơn - TKV
CSV,Công ty Cổ phần Hóa chất Cơ bản miền Nam
CT3,Công ty Cổ phần Đầu tư và Xây dựng công trình 3
CT6,Công ty Cổ phần Công trình 6
CTA,Công ty Cổ phần Vinavico
CTB,Công ty Cổ phần Chế tạo Bơm Hải Dương
CTC,Công ty Cổ phần Tập đoàn Hoàng Kim Tây Nguyên
CTD,Công ty Cổ phần Xây dựng Coteccons
CTF,Công ty Cổ phần City Auto
CTG,Ngân hàng Thương mại Cổ phần Công thương Việt Nam
CTI,Công ty Cổ phần Đầu tư Phát triển Cường Thuận IDICO
CTN,Công ty Cổ phần Xây dựng Công trình ngầm
CTP,Công ty Cổ phần Minh Khang Capital Trading Public
CTR,Tổng Công ty Cổ phần Công trình Viettel
CTS,Công ty Cổ phần Chứng khoán Ngân hàng Công thương Việt Nam
CTT,Công ty Cổ phần Chế tạo máy Vinacomin
CTW,Công ty Cổ phần Cấp thoát nước Cần Thơ
CTX,Tổng Công ty Cổ phần Đầu tư Xây dựng và Thương mại Việt Nam
CVN,Công ty Cổ phần Vinam
CVT,Công ty Cổ phần CMC
CX8,Công ty Cổ phần Đầu tư và Xây lắp Constrexim số 8
CYC,Công ty Cổ phần Gạch men Chang Yih
D11,Công ty Cổ phần Địa ốc 11
D2D,Công ty Cổ phần Phát triển Đô thị Công nghiệp số 2
DAC,Công ty Cổ phần 382 Đông Anh
DAD,Công ty Cổ phần Đầu tư và Phát triển Giáo dục Đà Nẵng
DAE,Công ty Cổ phần Sách Giáo dục tại Thành phố Đà Nẵng
DAG,Công ty Cổ phần Tập đoàn Nhựa Đông Á
DAH,Công ty Cổ phần Tập đoàn Khách sạn Đông Á
DAN,Công ty Cổ phần Dược Danapha
DAS,Công ty Cổ phần Máy - Thiết bị Dầu khí Đà Nẵng
DAT,Công ty Cổ phần Đầu tư Du lịch và Phát triển Thủy sản
DBC,Công ty Cổ phần Tập đoàn Dabaco Việt Nam
DBD,Công ty Cổ phần Dược - Trang thiết bị y tế Bình Định
DBM,Công ty Cổ phần Dược - Vật tư Y tế Đắk Lắk
DBT,Công ty Cổ phần Dược phẩm Bến Tre
DC1,Công ty Cổ phần Đầu tư Phát triển Xây dựng số 1
DC2,Công ty Cổ phần Đầu tư Phát triển - Xây dựng (DIC) số 2
DC4,Công ty Cổ phần Xây dựng DIC Holdings
DCF,Công ty Cổ phần Xây dựng và Thiết kế số 1
DCG,Công ty Cổ phần Tổng Công ty May Đáp Cầu
DCH,Công ty Cổ phần Địa chính Hà Nội
DCL,Công ty Cổ phần Dược phẩm Cửu Long
DCM,Công ty Cổ phần Phân bón Dầu Khí Cà Mau
DCR,Công ty Cổ phần Gạch men COSEVCO
DCS,Công ty Cổ phần Tập đoàn Đại Châu
DCT,Công ty Cổ phần Tấm lợp Vật liệu Xây dựng Đồng Nai
DDG,Công ty Cổ phần Đầu tư Công nghiệp Xuất nhập khẩu Đông Dương
DDH,Công ty Cổ phần Đảm bảo giao thông đường thủy Hải Phòng
DDM,Công ty Cổ phần Hàng hải Đông Đô
DDN,Công ty Cổ phần Dược - Thiết bị y tế Đà Nẵng
DDV,Công ty Cổ phần DAP - Vinachem
DFC,Công ty Cổ phần Xích líp Đông Anh
DFF,Công ty Cổ phần Tập đoàn Đua Fat
DGC,Công ty Cổ phần Tập đoàn Hóa chất Đức Giang
DGT,Công ty Cổ phần Công trình Giao thông Đồng Nai
DGW,Công ty Cổ phần Thế Giới Số
DHA,Công ty Cổ phần Hóa An
DHB,Công ty Cổ phần Phân đạm và Hóa chất Hà Bắc
DHC,Công ty Cổ phần Đông Hải Bến Tre
DHD,Công ty Cổ phần Dược Vật Tư Y Tế Hải Dương
DHG,Công ty Cổ phần Dược Hậu Giang
DHM,Công ty Cổ phần Thương mại & Khai thác Khoáng sản Dương Hiếu
DHN,Công ty Cổ phần Dược phẩm Hà Nội
DHP,Công ty Cổ phần Điện cơ Hải Phòng
DHT,Công ty Cổ phần Dược phẩm Hà Tây
DIC,Công ty Cổ phần Đầu tư và Thương mại DIC
DID,Công ty Cổ phần DIC - Đồng Tiến
DIG,Tổng Công ty Cổ phần Đầu tư Phát triển Xây dựng
DIH,Công ty Cổ phần Đầu tư Phát triển Xây dựng - Hội An
DKC,Công ty Cổ phần Chợ Lạng Sơn
DL1,Công ty Cổ phần Tập đoàn Alpha Seven
DLD,Công ty Cổ phần Du lịch Đắk Lắk
DLG,Công ty Cổ phần Tập đoàn Đức Long Gia Lai
DLM,Công ty Cổ phần Chiếu sáng công cộng Đà Nẵng
DLR,Công ty Cổ phần Địa ốc Đà Lạt
DLT,Công ty Cổ phần Du lịch và Thương mại - Vinacomin
DM7,Công ty Cổ phần Dệt may 7
DMC,Công ty Cổ phần Xuất nhập khẩu Y tế DOMESCO
DMN,Công ty Cổ phần Domenal
DMS,Công ty Cổ phần Hóa phẩm dầu khí DMC - Miền Nam
DNA,Công ty Cổ phần Điện nước An Giang
DNC,Công ty Cổ phần Điện nước Lắp máy Hải Phòng
DND,Công ty Cổ phần Đầu tư Xây dựng và Vật liệu Đồng Nai
DNE,Công ty Cổ phần Môi trường Đô thị Đà Nẵng
DNH,Công ty Cổ phần Thủy điện Đa Nhim - Hàm Thuận - Đa Mi
DNL,Công ty Cổ phần Logistics Cảng Đà Nẵng
DNM,Tổng Công ty Cổ phần Y tế Danameco
DNN,Công ty Cổ phần Cấp nước Đà Nẵng
DNP,Công ty Cổ phần DNP Holding
DNT,Công ty Cổ phần Du lịch Đồng Nai
DNW,Công ty Cổ phần Cấp nước Đồng Nai
DOC,Công ty Cổ phần Vật tư nông nghiệp Đồng Nai
DOP,Công ty Cổ phần Vận tải Xăng dầu Đồng Tháp
DP1,Công ty Cổ phần Dược phẩm Trung ương CPC1
DP2,Công ty Cổ phần Dược phẩm Trung ương 2
DP3,Công ty Cổ Phần Dược Phẩm Trung Ương 3
DPC,Công ty Cổ phần Nhựa Đà Nẵng
DPG,Công ty Cổ phần Tập đoàn Đạt Phương
DPH,Công ty Cổ phần Dược phẩm Hải Phòng
DPM,Tổng Công ty Phân bón và Hóa chất Dầu khí - Công ty Cổ phần
DPP,Công ty Cổ phần Dược Đồng Nai
DPR,Công ty Cổ phần Cao su Đồng Phú
DPS,Công ty Cổ phần Đầu tư Phát triển Sóc Sơn
DQC,Công ty Cổ phần Tập đoàn Điện Quang
DRC,Công ty Cổ phần Cao su Đà Nẵng
DRG,Công ty Cổ phần Cao su Đắk Lắk
DRH,Công ty Cổ phần DRH Holdings
DRI,Công ty Cổ phần Đầu tư Cao su Đắk Lắk
DRL,Công ty Cổ phần Thủy điện - Điện lực 3
DS3,Công ty Cổ phần DS3
DSC,Công ty Cổ phần Chứng khoán DSC
DSD,Công ty cổ phần DHC Suối Đôi
DSG,Công ty Cổ phần Kính Đáp Cầu
DSN,Công ty Cổ phần Công viên nước Đầm Sen
DSP,Công ty Cổ phần Dịch vụ Du lịch Phú Thọ
DST,Công ty Cổ phần Đầu tư Sao Thăng Long
DSV,Công ty Cổ phần Đường sắt Vĩnh Phú
DTA,Công ty Cổ phần Đệ Tam
DTB,Công ty Cổ phần Công trình Đô thị Bảo Lộc
DTC,Công ty Cổ phần Viglacera Đông Triều
DTD,Công ty Cổ phần Đầu tư Phát triển Thành Đạt
DTE,Công ty Cổ phần Đầu tư Năng lượng Đại Trường Thành Holdings
DTG,Công ty Cổ phần Dược phẩm Tipharco
DTH,Công ty Cổ phần Dược - Vật tư Y tế Thanh Hóa
DTI,Công ty Cổ phần Đầu tư Đức Trung
DTK,Tổng Công ty Điện lực TKV - Công ty Cổ phần
DTL,Công ty Cổ phần Đại Thiên Lộc
DTP,Công ty Cổ phần Dược phẩm CPC1 Hà Nội
DTT,Công ty Cổ phần Kỹ nghệ Đô Thành
DTV,Công ty Cổ phần Phát triển điện Trà Vinh
DUS,Công ty Cổ phần Dịch vụ Đô thị Đà Lạt
DVC,Công ty Cổ phần Thương mại dịch vụ Tổng Hợp Cảng Hải Phòng
DVG,Công ty Cổ phần Đại Việt Group DVG
DVM,Công ty Cổ phần Dược liệu Việt Nam
DVN,Tổng Công ty Dược Việt Nam - CTCP
DVP,Công ty Cổ phần Đầu tư và Phát triển Cảng Đình Vũ
DVW,Công ty Cổ phần Dịch vụ và Xây dựng cấp nước Đồng Nai
DWC,Công ty Cổ phần Cấp nước Đắk Lắk
DWS,Công ty Cổ phần Cấp nước và Môi trường Đô thị Đồng Tháp
DXG,Công ty Cổ phần Tập đoàn Đất Xanh
DXL,Công ty Cổ phần Du lịch và Xuất nhập khẩu Lạng Sơn
DXP,Công ty Cổ phần Cảng Đoạn Xá
DXS,Công ty Cổ phần Dịch vụ Bất động sản Đất Xanh
DXV,Công ty Cổ phần VICEM Vật liệu Xây dựng Đà Nẵng
DZM,Công ty Cổ phần Cơ điện Dzĩ An
E12,Công ty Cổ phần Xây Dựng Điện VNECO 12
E29,Công ty cổ phần Đầu tư Xây dựng và Kỹ thuật 29
EBS,Công ty Cổ phần Sách Giáo dục tại Thành phố Hà Nội
ECI,Công ty Cổ phần Tập đoàn ECI
EFI,Công ty Cổ phần Đầu tư Tài chính Giáo dục
EIB,Ngân hàng Thương mại Cổ phần Xuất nhập khẩu Việt Nam
EIC,Công ty Cổ phần EVN Quốc Tế
EID,Công ty Cổ phần Đầu tư và Phát triển Giáo dục Hà Nội
EIN,Công ty Cổ phần Đầu tư - Thương Mại - Dịch vụ Điện lực
ELC,Công ty Cổ phần Công nghệ - Viễn thông ELCOM
EME,Công ty Cổ phần Điện Cơ
EMG,Công ty Cổ phần Thiết bị Phụ tùng Cơ điện
EMS,Tổng Công ty Chuyển phát nhanh Bưu điện - Công ty Cổ phần
EPC,Công ty Cổ phần Cà Phê Ea Pốk
EPH,Công ty Cổ phần Dịch vụ Xuất bản Giáo dục Hà Nội
EVE,Công ty Cổ phần Everpia
EVF,Công ty Tài chính Cổ phần Điện Lực
EVG,Công ty Cổ phần Tập đoàn Everland
EVS,Công ty Cổ phần Chứng khoán Everest
FBA,Công ty Cổ phần Tập đoàn Quốc tế FBA
FBC,Công ty Cổ phần Cơ khí Phổ Yên
FCC,Công ty Cổ phần Liên hợp Thực phẩm
FCM,Công ty Cổ phần Khoáng sản FECON
FCN,Công ty Cổ phần FECON
FCS,Công ty Cổ phần Lương thực Thành phố Hồ Chí Minh
FDC,Công ty Cổ phần Ngoại thương và Phát triển Đầu tư Thành phố Hồ Chí Minh
FGL,Công ty Cổ phần Cà phê Gia Lai
FHN,Công ty Cổ phần Xuất nhập khẩu Lương thực - Thực phẩm Hà Nội
FHS,Công ty Cổ phần Phát hành sách Thành phố Hồ Chí Minh - FAHASA
FIC,Tổng Công ty Vật liệu Xây dựng số 1 - Công ty Cổ phần
FID,Công ty Cổ phần Đầu tư và Phát triển Doanh nghiệp Việt Nam
FIR,Công ty Cổ phần Địa ốc First Real
FIT,Công ty Cổ phần Tập đoàn F.I.T
FLC,Công ty Cổ phần Tập đoàn FLC
FMC,Công ty Cổ phần Thực phẩm Sao Ta
FOC,Công ty Cổ phần Dịch vụ Trực tuyến FPT
FOX,Công ty Cổ phần Viễn thông FPT
FPT,Công ty Cổ phần FPT
FRC,Công ty Cổ phần Lâm đặc sản xuất khẩu Quảng Nam
FRM,Công ty Cổ phần Lâm nghiệp Sài Gòn
FRT,Công ty Cổ phần Bán lẻ Kỹ thuật số FPT
FSO,Công ty Cổ phần Cơ khí đóng tàu thủy sản Việt Nam
FT1,Công ty Cổ phần Phụ tùng máy số 1
FTI,Công ty Cổ phần Công nghiệp - Thương mại Hữu Nghị
FTM,Công ty Cổ phần Đầu tư và Phát triển Đức Quân
FTS,Công ty Cổ phần Chứng khoán FPT
G20,Công ty Cổ phần Đầu tư Dệt may Vĩnh Phúc
G36,Tổng Công ty 36 - Công ty Cổ phần
GAB,Công ty Cổ phần Đầu tư Khai khoáng & Quản lý Tài sản FLC
GAS,Tổng Công ty Khí Việt Nam - Công ty Cổ phần
GCB,Công ty Cổ phần PETEC Bình Định
GCF,Công ty Cổ phần Thực phẩm G.C
GDA,Công ty Cổ phần Tôn Đông Á
GDT,Công ty Cổ phần Chế biến Gỗ Đức Thành
GDW,Công ty Cổ phần Cấp nước Gia Định
GEE,Công ty Cổ phần Điện lực Gelex
GEG,Công ty Cổ phần Điện Gia Lai
GER,Công ty Cổ phần Thể thao Ngôi sao Geru
GEX,Công ty Cổ phần Tập đoàn Gelex
GGG,Công ty Cổ phần Ô tô Giải Phóng
GH3,Công ty Cổ phần Công trình giao thông Hà Nội
GHC,Công ty Cổ phần Thủy điện Gia Lai
GIC,Công ty Cổ phần Đầu tư Dịch vụ và Phát triển Xanh
GIL,Công ty Cổ phần Sản xuất Kinh doanh Xuất nhập khẩu Bình Thạnh
GKM,Công ty Cổ phần GKM Holdings
GLC,Công ty Cổ phần Vàng Lào Cai
GLT,Công ty Cổ phần Kỹ thuật điện Toàn Cầu
GLW,Công ty Cổ phần Cấp thoát nước Gia Lai
GMA,Công ty Cổ phần G-Automobile
GMC,Công ty Cổ phần Garmex Sài Gòn
GMD,Công ty Cổ phần Gemadept
GMH,Công ty Cổ phần Minh Hưng Quảng Trị
GMX,Công ty Cổ phần Gạch ngói Gốm xây dựng Mỹ Xuân
GND,Công ty Cổ phần Gạch ngói Đồng Nai
GPC,Công ty Cổ phần Tập đoàn Green+
GSM,Công ty Cổ phần Thủy điện Hương Sơn
GSP,Công ty Cổ phần Vận tải Sản phẩm Khí Quốc tế
GTA,Công ty Cổ phần Chế biến Gỗ Thuận An
GTD,Công ty Cổ phần Giầy Thượng Đình
GTS,Công ty Cổ phần Công trình Giao thông Sài Gòn
GTT,Công ty Cổ phần Thuận Thảo
GVR,Tập đoàn Công nghiệp Cao su Việt Nam - Công ty Cổ phần
GVT,Công ty Cổ phần Giấy Việt Trì
H11,Công ty Cổ phần Xây dựng HUD101
HAC,Công ty Cổ phần Chứng khoán Hải Phòng
HAD,Công ty Cổ phần Bia Hà Nội - Hải Dương
HAF,Công ty Cổ phần Thực phẩm Hà Nội
HAG,Công ty Cổ phần Hoàng Anh Gia Lai
HAH,Công ty Cổ phần Vận tải và Xếp dỡ Hải An
HAI,Công ty Cổ phần Nông dược HAI
HAM,Công ty Cổ phần Vật tư Hậu Giang
HAN,Tổng Công ty Xây dựng Hà Nội - CTCP
HAP,Công ty Cổ phần Tập Đoàn Hapaco
HAR,Công ty Cổ phần Đầu tư Thương mại Bất động sản An Dương Thảo Điền
HAS,Công ty Cổ phần Hacisco
HAT,Công ty Cổ phần Thương mại Bia Hà Nội
HAV,Công ty Cổ phần Rượu Hapro
HAX,Công ty Cổ phần Dịch vụ Ô tô Hàng Xanh
HBC,Công ty Cổ phần Tập đoàn Xây dựng Hòa Bình
HBD,Công ty Cổ phần Bao bì PP Bình Dương
HBH,Công ty Cổ phần HABECO - Hải Phòng
HBS,Công ty Cổ phần Chứng khoán Hòa Bình
HC1,Công ty Cổ phần Xây dựng số 1 Hà Nội
HC3,Công ty Cổ phần Xây dựng số 3 Hải Phòng
HCB,Công ty Cổ phần Dệt may 29/3
HCC,Công ty Cổ phần Bê tông Hòa Cầm - Intimex
HCD,Công ty Cổ phần Đầu tư Sản xuất và Thương mại HCD
HCI,Công ty Cổ phần Đầu tư - Xây dựng Hà Nội
HCM,Công ty Cổ phần Chứng khoán Thành phố Hồ Chí Minh
HCT,Công ty Cổ phần Thương mại - Dịch vụ - Vận tải Xi măng Hải Phòng
HD2,Công ty Cổ phần Đầu tư phát triển nhà HUD2
HD6,Công ty Cổ phần Đầu tư và Phát triển nhà số 6 Hà Nội
HD8,Công ty Cổ phần Đầu tư Phát triển Nhà và Đô thị HUD8
HDA,Công ty Cổ phần Hãng sơn Đông Á
HDB,Ngân hàng Thương mại Cổ phần Phát Triển Thành phố Hồ Chí Minh
HDC,Công ty Cổ phần Phát triển Nhà Bà Rịa Vũng Tàu
HDG,Công ty Cổ phần Tập đoàn Hà Đô
HDM,Công ty Cổ phần Dệt May Huế
HDO,Công ty Cổ phần Hưng Đạo Container
HDP,Công ty Cổ phần Dược Hà Tĩnh
HDW,Công ty Cổ phần Kinh doanh Nước sạch Hải Dương
HEC,Công ty Cổ phần Tư vấn xây dựng Thủy Lợi II
HEJ,Tổng Công ty Tư vấn Xây dựng Thủy Lợi Việt Nam - CTCP
HEM,Công ty Cổ phần Chế tạo Điện cơ Hà Nội
HEP,Công ty Cổ phần Môi trường và Công trình đô thị Huế
HES,Công ty Cổ phần Dịch vụ Giải trí Hà Nội
HEV,Công ty Cổ phần Sách Đại học - Dạy nghề
HFB,Công ty Cổ phần Công trình Cầu phà Thành phố Hồ Chí Minh
HFC,Công ty Cổ phần Xăng dầu HFC
HFX,Công ty Cổ phần Sản xuất - Xuất nhập khẩu Thanh Hà
HGM,Công ty Cổ phần Cơ khí và Khoáng sản Hà Giang
HGT,Công ty Cổ phần Du lịch Hương Giang
HGW,Công ty Cổ phần Cấp thoát nước - Công trình Đô thị Hậu Giang
HHC,Công ty Cổ phần Bánh kẹo Hải Hà
HHG,Công ty Cổ phần Hoàng Hà
HHN,Công ty Cổ phần Vận tải và Dịch vụ Hàng hóa Hà Nội
HHP,Công ty Cổ phần HHP Global
HHR,Công ty Cổ phần Đường sắt Hà Hải
HHS,Công ty Cổ phần Đầu tư Dịch vụ Hoàng Huy
HHV,Công ty Cổ phần Đầu tư Hạ tầng Giao thông Đèo Cả
HID,Công ty Cổ phần Halcom Vietnam
HIG,Công ty Cổ phần Tập đoàn HIPT
HII,Công ty Cổ phần An Tiến Industries
HJC,Công ty Cổ phần Hòa Việt
HJS,Công ty Cổ phần Thủy điện Nậm Mu
HKB,Công ty Cổ phần Nông nghiệp và Thực phẩm Hà Nội - Kinh Bắc
HKT,Công ty Cổ phần Đầu tư Ego Việt Nam
HLA,Công ty Cổ phần Hữu Liên Á Châu
HLB,Công ty Cổ phần Bia và Nước giải khát Hạ Long
HLC,Công ty Cổ phần Than Hà Lầm - Vinacomin
HLD,Công ty Cổ phần Đầu tư và Phát triển Bất động sản HUDLAND
HLR,Công ty Cổ phần Đường sắt Hà Lạng
HLS,Công ty Cổ phần Sứ kỹ thuật Hoàng Liên Sơn
HLT,Công ty Cổ phần Dệt may Hoàng Thị Loan
HLY,Công ty Cổ phần Gốm Xây Dựng Yên Hưng
HMC,Công ty Cổ phần Kim khí Thành phố Hồ Chí Minh - VNSTEEL
HMG,Công ty Cổ phần Kim Khí Hà Nội - VNSTEEL
HMH,Công ty Cổ phần Hải Minh
HMR,Công ty cổ phần Đá Hoàng Mai
HMS,Công ty Cổ phần Xây dựng Bảo tàng Hồ Chí Minh
HNA,Công ty Cổ phần Thủy điện Hủa Na
HNB,Công ty Cổ phần Bến xe Hà Nội
HND,Công ty Cổ phần Nhiệt điện Hải Phòng
HNF,Công ty Cổ phần Thực phẩm Hữu Nghị
HNG,Công ty Cổ phần Nông nghiệp Quốc tế Hoàng Anh Gia Lai
HNI,Công ty Cổ phần May Hữu Nghị
HNM,Công ty Cổ phần Sữa Hà Nội
HNP,Công ty Cổ phần Hanel Xốp Nhựa
HNR,Công ty Cổ phần Rượu và Nước Giải Khát Hà Nội
HOM,Công ty Cổ phần Xi măng VICEM Hoàng Mai
HOT,Công ty Cổ phần Du lịch - Dịch vụ Hội An
HPB,Công ty Cổ phần Bao bì PP
HPD,Công ty Cổ phần Thủy điện Đăk Đoa
HPG,Công ty Cổ phần Tập đoàn Hòa Phát
HPH,Công ty Cổ phần Hóa Chất Hưng Phát Hà Bắc
HPI,Công ty Cổ phần Khu công nghiệp Hiệp Phước
HPM,Công ty Cổ phần Xây dựng Thương mại và Khoáng sản Hoàng Phúc
HPP,Công ty Cổ phần Sơn Hải Phòng
HPT,Công ty Cổ phần Dịch vụ Công nghệ Tin học HPT
HPW,Công ty Cổ phần Cấp nước Hải Phòng
HPX,Công ty Cổ phần Đầu tư Hải Phát
HQC,Công ty Cổ phần Tư vấn - Thương mại - Dịch vụ Địa ốc Hoàng Quân
HRB,Công ty Cổ phần Harec Đầu tư và Thương Mại
HRC,Công ty Cổ phần Cao su Hòa Bình
HRT,Công ty Cổ phần Vận tải đường sắt Hà Nội
HSA,Công ty Cổ phần HESTIA
HSG,Công ty Cổ phần Tập đoàn Hoa Sen
HSI,Công ty Cổ phần Vật tư Tổng hợp và Phân bón Hóa sinh
HSL,Công ty Cổ phần Đầu tư Phát triển Thực phẩm Hồng Hà
HSM,Tổng Công ty Cổ phần Dệt May Hà Nội
HSP,Công ty Cổ phần Sơn Tổng hợp Hà Nội
HSV,Công ty Cổ phần Tập đoàn HSV Việt Nam
HT1,Công ty Cổ phần Xi măng VICEM Hà Tiên
HTC,Công ty Cổ phần Thương mại Hóc Môn
HTE,Công ty Cổ phần Đầu tư Kinh doanh Điện lực Thành phố Hồ Chí Minh
HTG,Tổng Công ty Cổ phần Dệt may Hòa Thọ
HTI,Công ty Cổ phần Đầu tư Phát triển Hạ tầng IDICO
HTL,Công ty Cổ phần Kỹ thuật và Ô tô Trường Long
HTM,Tổng Công ty Thương mại Hà Nội – Công ty cổ phần
HTN,Công ty Cổ phần Hưng Thịnh Incons
HTP,Công ty Cổ phần In Sách Giáo Khoa Hòa Phát
HTR,Công ty Cổ phần Đường sắt Hà Thái
HTT,Công ty Cổ phần Thương mại Hà Tây
HTV,Công ty Cổ phần Logistics Vicem
HU1,Công ty Cổ phần Đầu tư và Xây dựng HUD1
HU3,Công ty Cổ phần Đầu tư và Xây dựng HUD3
HU4,Công ty Cổ phần Đầu tư và Xây dựng HUD4
HU6,Công ty Cổ phần Đầu tư Phát triển Nhà và Đô thị HUD6
HUB,Công ty Cổ phần Xây lắp Thừa Thiên Huế
HUG,Tổng công ty May Hưng Yên - Công ty Cổ phần
HUT,Công ty Cổ phần Tasco
HVA,Công ty Cổ phần Đầu tư HVA
HVG,Công ty Cổ phần Hùng Vương
HVH,Công ty Cổ phần Đầu tư và Công nghệ HVC
HVN,Tổng Công ty Hàng không Việt Nam - CTCP
HVT,Công ty Cổ phần Hóa chất Việt Trì
HVX,Công ty Cổ phần Xi măng Vicem Hải Vân
HWS,Công ty Cổ phần Cấp nước Thừa Thiên Huế
IBC,Công ty Cổ phần Đầu tư APAX Holdings
IBD,Công ty Cổ phần In Tổng hợp Bình Dương
ICC,Công ty Cổ phần Xây dựng công nghiệp
ICF,Công ty Cổ phần Đầu tư-Thương mại-Thủy sản
ICG,Công ty Cổ phần Xây dựng Sông Hồng
ICI,Công ty Cổ phần Đầu tư và Xây dựng Công nghiệp
ICN,Công ty Cổ phần Đầu tư Xây dựng Dầu khí IDICO
ICT,Công ty Cổ phần Viễn thông - Tin học Bưu điện
IDC,Tổng Công ty IDICO - CTCP
IDI,Công ty Cổ phần Đầu tư và Phát triển Đa Quốc Gia I.D.I
IDJ,Công ty Cổ phần Đầu tư IDJ Việt Nam
IDP,Công ty Cổ phần Sữa Quốc tế
IDV,Công ty Cổ phần Phát triển Hạ tầng Vĩnh Phúc
IFS,Công ty Cổ phần Thực phẩm Quốc tế
IHK,Công ty Cổ phần In Hàng Không
IJC,Công ty Cổ phần Phát triển Hạ tầng Kỹ thuật
ILA,Công ty Cổ phần ILA
ILB,Công ty Cổ phần ICD Tân Cảng - Long Bình
ILC,Công ty Cổ phần Hợp tác lao động với nước ngoài
ILS,Công ty Cổ phần Đầu tư Thương mại và Dịch vụ Quốc tế
IME,Công ty Cổ phần Cơ khí và Xây lắp Công nghiệp
IMP,Công ty Cổ phần Dược phẩm IMEXPHARM
IN4,Công ty Cổ phần In số 4
INC,Công ty Cổ phần Tư vấn Đầu tư IDICO
INN,Công ty Cổ phần Bao bì và In Nông nghiệp
IPA,Công ty Cổ phần Tập đoàn Đầu tư I.P.A
IRC,Công ty Cổ phần Cao su Công nghiệp
ISG,Công ty Cổ phần Vận tải biển và Hợp tác lao động Quốc Tế
ISH,Công ty Cổ phần Thủy điện Srok Phu Miêng IDICO
IST,Công ty Cổ phần ICD Tân Cảng Sóng Thần
ITA,Công ty Cổ phần Đầu tư và Công nghiệp Tân Tạo
ITC,Công ty Cổ phần Đầu tư - Kinh doanh nhà
ITD,Công ty Cổ phần Công nghệ Tiên Phong
ITQ,Công ty Cổ phần Tập đoàn Thiên Quang
ITS,"Công ty Cổ phần Đầu tư, Thương mại và Dịch vụ - Vinacomin"
IVS,Công ty Cổ phần Chứng khoán Guotai Junan (Việt Nam)
JOS,Công ty CP Chế biến Thủy sản Xuất khẩu Minh Hải
JVC,Công ty Cổ phần Đầu tư và Phát triển Y tế Việt Nhật
KAC,Công ty Cổ phần Đầu tư Địa ốc Khang An
KBC,Tổng Công ty Phát triển Đô thị Kinh Bắc
KCB,Công ty Cổ phần Khoáng Sản và Luyện Kim Cao Bằng
KCE,Công ty Cổ phần Bê tông Ly tâm Điện lực Khánh Hòa
KDC,Công ty Cổ phần Tập đoàn KIDO
KDH,Công ty Cổ phần Đầu tư và Kinh doanh nhà Khang Điền
KDM,Công ty Cổ phần Tập đoàn GCL
KGM,Công ty Cổ phần Xuất nhập khẩu Kiên Giang
KHD,"Công ty Cổ phần Khai thác, Chế biến Khoáng sản Hải Dương"
KHG,Công ty Cổ phần Tập đoàn Khải Hoàn Land
KHL,Công ty Cổ phần Khoáng sản và Vật liệu Xây dựng Hưng Long
KHP,Công ty Cổ phần Điện lực Khánh Hòa
KHS,Công ty Cổ phần Kiên Hùng
KHW,Công ty Cổ phần Cấp thoát nước Khánh Hòa
KIP,Công ty Cổ phần K.I.P Việt Nam
KKC,Công ty Cổ phần Tập đoàn Thành Thái
KLB,Ngân hàng Thương mại Cổ phần Kiên Long
KLF,Công ty Cổ phần Đầu tư Thương mại và Xuất nhập khẩu CFS
KLM,Công ty Cổ phần Kim loại màu Nghệ Tĩnh
KMR,Công ty Cổ phần Mirae
KMT,Công ty Cổ phần Kim khí Miền Trung
KOS,Công ty Cổ phần KOSY
KPF,Công ty Cổ phần Đầu tư Tài sản KOJI
KSB,Công ty Cổ phần Khoáng sản và Xây dựng Bình Dương
KSD,Công ty Cổ phần Đầu tư DNA
KSF,Công ty cổ phần Tập đoàn Real Tech
KSH,Công ty Cổ phần Damac GLS
KSQ,Công ty Cổ phần CNC Capital Việt Nam
KST,Công ty Cổ phần KASATI
KSV,Tổng Công ty Khoáng sản TKV - Công ty Cổ phần
KTC,Công ty Cổ phần Thương mại Kiên Giang
KTL,Công ty Cổ phần Kim khí Thăng Long
KTS,Công ty Cổ phần Đường Kon Tum
KTT,Công ty Cổ phần Tập đoàn Đầu tư KTT
KTW,Công ty Cổ phần Cấp nước Kon Tum
KVC,Công ty Cổ phần Sản xuất Xuất nhập khẩu Inox Kim Vĩ
L10,Công ty Cổ phần Lilama 10
L12,Công ty Cổ phần Licogi 12
L14,Công ty Cổ phần Licogi 14
L18,Công ty Cổ phần Đầu tư và Xây dựng số 18
L35,Công ty Cổ phần Cơ khí Lắp máy Lilama
L40,Công ty Cổ phần Đầu tư và Xây dựng 40
L43,Công ty Cổ phần Lilama 45.3
L44,Công ty Cổ phần Lilama 45.4
L45,Công ty Cổ phần Lilama 45.1
L61,Công ty Cổ phần Lilama 69-1
L62,Công ty Cổ phần Lilama 69 - 2
L63,Công ty Cổ phần Lilama 69-3
LAF,Công ty Cổ phần Chế biến Hàng Xuất khẩu Long An
LAI,Công ty Cổ phần Đầu tư Xây dựng Long An IDICO
LAS,Công ty Cổ phần Supe Phốt phát và Hóa chất Lâm Thao
LAW,Công ty Cổ phần Cấp thoát nước Long An
LBC,Công ty Cổ phần Thương mại - Đầu tư Long Biên
LBE,Công ty Cổ phần Sách và Thiết bị Trường học Long An
LBM,Công ty Cổ phần Khoáng sản và Vật liệu xây dựng Lâm Đồng
LCC,Công ty Cổ phần Xi măng Hồng Phong
LCD,Công ty Cổ phần Lắp máy - Thí nghiệm cơ điện
LCG,Công ty Cổ phần Lizen
LCM,Công ty Cổ phần Khai thác và Chế biến Khoáng sản Lào Cai
LCS,Công ty Cổ phần Licogi 16.6
LDG,Công ty Cổ phần Đầu tư LDG
LDP,Công ty Cổ phần Dược Lâm Đồng - Ladophar
LDW,Công ty Cổ phần Cấp thoát nước Lâm Đồng
LEC,Công ty Cổ phần Bất động sản Điện lực Miền Trung
LG9,Công ty Cổ phần Cơ giới và Xây lắp số 9
LGC,Công ty Cổ phần Đầu tư Cầu đường CII
LGL,Công ty Cổ phần Đầu tư và Phát triển Đô thị Long Giang
LGM,Công ty Cổ phần Giày da và may mặc xuất khẩu (Legamex)
LHC,Công ty Cổ phần Đầu tư và Xây dựng Thủy lợi Lâm Đồng
LHG,Công ty Cổ phần Long Hậu
LIC,Tổng Công ty LICOGI - Công ty Cổ phần
LIG,Công ty Cổ phần Licogi 13
LIX,Công ty Cổ phần Bột Giặt LiX
LKW,Công ty Cổ phần Cấp nước Long Khánh
LLM,Tổng Công ty lắp máy Việt Nam - Công ty Cổ phần
LM3,Công ty Cổ phần Lilama 3
LM7,Công ty Cổ phần Lilama 7
LM8,Công ty Cổ phần Lilama 18
LMC,Công ty Cổ phần Long Beach LMC
LMH,Công ty Cổ phần Quốc Tế Holding
LMI,Công ty Cổ phần Đầu tư Xây dựng Lắp máy IDICO
LNC,Công ty Cổ phần Lệ Ninh
LO5,Công ty Cổ phần Lilama 5
LPB,Ngân hàng Thương mại Cổ phần Bưu Điện Liên Việt
LPT,Công ty Cổ phần Thương mại và Sản xuất Lập Phương Thành
LQN,Công ty Cổ phần Licogi Quảng Ngãi
LSG,Công ty Cổ phần Bất động sản Sài Gòn Vi na
LSS,Công ty Cổ phần Mía đường Lam Sơn
LTC,Công ty Cổ phần Điện nhẹ Viễn Thông
LTG,Công ty Cổ phần Tập đoàn Lộc Trời
LUT,Công ty Cổ phần Đầu tư Xây dựng Lương Tài
M10,Tổng công ty May 10 - Công ty Cổ phần
MA1,Công ty Cổ phần Thiết bị
MAC,Công ty Cổ phần Cung ứng và Dịch vụ Kỹ thuật Hàng Hải
MAS,Công ty cổ phần Dịch vụ Hàng Không Sân Bay Đà Nẵng
MBB,Ngân hàng Thương mại Cổ phần Quân đội
MBG,Công ty Cổ phần Tập đoàn MBG
MBN,Công ty Cổ phần Môi trường và Công trình đô thị Bắc Ninh
MBS,Công ty Cổ phần Chứng khoán MB
MCC,Công ty Cổ phần Gạch ngói cao cấp
MCD,Công ty Cổ phần Môi trường và Công trình Đô thị Đông Hà
MCF,Công ty Cổ phần Xây lắp Cơ khí và Lương thực Thực phẩm
MCG,Công ty Cổ phần Năng lượng và Bất động sản MCG
MCH,Công ty Cổ phần Hàng Tiêu Dùng MaSan
MCI,Công ty Cổ phần Đầu tư Xây dựng và Phát triển Vật liệu IDICO
MCM,Công ty Cổ phần Giống bò sữa Mộc Châu
MCO,Công ty Cổ phần Đầu tư và Xây dựng BDC Việt Nam
MCP,Công ty Cổ phần In và Bao bì Mỹ Châu
MDA,Công ty Cổ phần Môi trường Đô thị Đông Anh
MDC,Công ty Cổ phần Than Mông Dương - Vinacomin
MDF,Công ty Cổ phần Gỗ MDF VRG - Quảng Trị
MDG,Công ty Cổ phần Miền Đông
MEC,Công ty Cổ phần Cơ khí - Lắp máy Sông Đà
MED,Công ty Cổ phần Dược Trung ương Mediplantex
MEF,Công ty Cổ phần MEINFA
MEL,Công ty Cổ phần Thép Mê Lin
MES,Công ty Cổ phần Cơ điện Công trình
MFS,Công ty Cổ phần Dịch vụ kỹ thuật Mobifone
MGC,Công ty Cổ phần Địa chất mỏ - TKV
MGG,Tổng Công ty Đức Giang - Công ty Cổ phần
MGR,Công ty cổ phần Tập đoàn MGROUP
MH3,Công ty Cổ phần Khu công nghiệp Cao su Bình Long
MHC,Công ty Cổ phần MHC
MHL,Công ty Cổ phần Minh Hữu Liên
MIC,Công ty Cổ phần Kỹ nghệ Khoáng sản Quảng Nam
MIE,Tổng Công ty Máy và Thiết bị Công nghiệp - CTCP
MIG,Tổng Công ty Cổ phần Bảo hiểm Quân đội
MIM,Công ty Cổ phần Khoáng sản và Cơ khí
MKP,Công ty Cổ phần Hóa - Dược phẩm Mekophar
MKV,Công ty Cổ phần Dược Thú Y Cai Lậy
MLC,Công ty Cổ phần Môi trường Đô thị Tỉnh Lào Cai
MLS,Công ty Cổ phần Chăn nuôi - Mitraco
MML,Công ty Cổ phần Masan MEATLife
MNB,Tổng Công ty May Nhà Bè - Công ty Cổ phần
MND,Công ty Cổ phần Môi trường Nam Định
MPC,Công ty Cổ phần Tập đoàn Thủy sản Minh Phú
MPT,Công ty Cổ phần Tập đoàn MPT
MPY,Công ty Cổ phần Môi trường đô thị Phú Yên
MQB,Công ty Cổ phần Môi trường và Phát triển đô thị Quảng Bình
MQN,Công ty Cổ phần Môi trường đô thị Quảng Ngãi
MRF,Công ty Cổ phần MERUFA
MSB,Ngân hàng Thương mại Cổ phần Hàng Hải Việt Nam
MSH,Công ty Cổ phần May Sông Hồng
MSN,Công ty Cổ phần Tập đoàn Masan
MSR,Công ty Cổ phần Masan High-Tech Materials
MST,Công ty Cổ phần Đầu tư MST
MTA,Tổng Công ty Khoáng sản và Thương mại Hà Tĩnh - Công ty Cổ phần
MTB,Công ty Cổ phần Môi trường và Công trình đô thị tỉnh Thái Bình
MTC,Công ty Cổ phần Dịch vụ Du lịch Mỹ Trà
MTG,Công ty Cổ phần MT Gas
MTH,Công ty Cổ phần Môi trường Đô thị Hà Đông
MTL,Công ty Cổ phần Dịch vụ Môi trường Đô thị Từ Liêm
MTP,Công ty Cổ phần Dược Medipharco
MTS,Công ty Cổ phần Vật tư - TKV
MTV,Công ty Cổ phần Dịch vụ Môi trường và Công trình Đô thị Vũng Tàu
MVB,Tổng Công ty Công nghiệp mỏ Việt Bắc TKV - Công ty Cổ phần
MVC,Công ty Cổ phần Vật liệu và Xây dựng Bình Dương
MVN,Tổng Công ty Hàng hải Việt Nam - CTCP
MWG,Công ty Cổ phần Đầu tư Thế Giới Di Động
NAB,Ngân hàng Thương mại Cổ phần Nam Á
NAC,Công ty Cổ phần Tư vấn Xây dựng Tổng hợp
NAF,Công ty Cổ phần Nafoods Group
NAG,Công ty Cổ phần Tập đoàn Nagakawa
NAP,Công ty Cổ phần Cảng Nghệ Tĩnh
NAS,Công ty Cổ phần Dịch vụ Hàng không Sân bay Nội Bài
NAU,Công ty Cổ phần Môi trường và Công trình Đô thị Nghệ An
NAV,Công ty Cổ phần Nam Việt
NAW,Công ty Cổ phần Cấp nước Nghệ An
NBB,Công ty Cổ phần Đầu tư Năm Bảy Bảy
NBC,Công ty Cổ phần Than Núi Béo - Vinacomin
NBE,Công ty Cổ phần Sách và Thiết bị Giáo dục Miền Bắc
NBP,Công ty Cổ phần Nhiệt Điện Ninh Bình
NBT,Công ty Cổ phần Cấp thoát nước Bến Tre
NBW,Công ty Cổ phần Cấp nước Nhà Bè
NCG,Công ty Cổ phần Tập đoàn Nova Consumer
NCS,Công ty Cổ phần Suất ăn Hàng không Nội Bài
NCT,Công ty Cổ phần Dịch vụ Hàng hóa Nội Bài
ND2,Công ty Cổ phần Đầu tư và Phát triển điện Miền Bắc 2
NDC,Công ty Cổ phần Nam Dược
NDF,Công ty Cổ phần Chế biến thực phẩm nông sản xuất khẩu Nam Định
NDN,Công ty Cổ phần Đầu tư Phát triển Nhà Đà Nẵng
NDP,Công ty Cổ phần Dược phẩm 2/9
NDT,Tổng Công ty Cổ phần Dệt may Nam Định
NDW,Công ty Cổ phần Cấp nước Nam Định
NDX,Công ty Cổ phần Xây lắp Phát triển Nhà Đà Nẵng
NED,Công ty Cổ phần Đầu tư và Phát triển Điện Tây Bắc
NEM,Công ty Cổ phần Thiết bị Điện Miền Bắc
NET,Công ty Cổ phần Bột giặt Net
NFC,Công ty Cổ phần Phân lân Ninh Bình
NGC,Công ty Cổ phần Chế biến Thủy sản Xuất khẩu Ngô Quyền
NHA,Tổng Công ty Đầu tư Phát triển Nhà và Đô thị Nam Hà Nội
NHC,Công ty Cổ phần Gạch ngói Nhị Hiệp
NHH,Công ty Cổ phần Nhựa Hà Nội
NHP,Công ty Cổ phần Sản xuất Xuất nhập khẩu NHP
NHT,Công ty Cổ phần Sản xuất và Thương mại Nam Hoa
NHV,Công ty Cổ phần Sức khỏe Hồi sinh Việt Nam
NJC,Công ty Cổ phần May Nam Định
NKG,Công ty Cổ phần Thép Nam Kim
NLG,Công ty Cổ phần Đầu tư Nam Long
NLS,Công ty Cổ phần Cấp thoát nước Lạng Sơn
NNC,Công ty Cổ phần Đá Núi Nhỏ
NNT,Công ty Cổ phần Cấp nước Ninh Thuận
NO1,Công ty Cổ phần Tâp đoàn 911
NOS,Công ty Cổ phần Vận tải Biển và Thương mại Phương Đông
NQB,Công ty Cổ phần Cấp nước Quảng Bình
NQN,Công ty Cổ phần Nước sạch Quảng Ninh
NQT,Công ty Cổ phần Nước sạch Quảng Trị
NRC,Công ty Cổ phần Tập đoàn Danh Khôi
NS2,Công ty Cổ phần Nước sạch số 2 Hà Nội
NSC,Công ty Cổ phần Tập đoàn Giống cây trồng Việt Nam
NSG,Công ty Cổ phần Nhựa Sài Gòn
NSH,Công ty Cổ phần Tập đoàn Nhôm Sông Hồng Shalumi
NSL,Công ty Cổ phần Cấp nước Sơn La
NSS,Công ty Cổ phần Nông súc sản Đồng Nai
NST,Công ty Cổ phần Ngân Sơn
NT2,Công ty Cổ phần Điện lực Dầu khí Nhơn Trạch 2
NTB,Công ty Cổ phần Đầu tư Xây dựng và Khai thác Công trình giao thông 584
NTC,Công ty Cổ phần Khu Công nghiệp Nam Tân Uyên
NTF,Công ty Cổ phần Dược - Vật tư y tế Nghệ An
NTH,Công ty Cổ phần Thủy điện Nước Trong
NTL,Công ty Cổ phần Phát triển Đô thị Từ Liêm
NTP,Công ty Cổ phần Nhựa Thiếu niên Tiền Phong
NTT,Công ty Cổ phần Dệt - May Nha Trang
NTW,Công ty Cổ phần Cấp nước Nhơn Trạch
NUE,Công ty Cổ phần Môi trường Đô thị Nha Trang
NVB,Ngân hàng Thương mại Cổ phần Quốc Dân
NVL,Công ty Cổ phần Tập đoàn Đầu tư Địa ốc No Va
NVP,Công ty Cổ phần Nước sạch Vĩnh Phúc
NVT,Công ty Cổ phần Bất động sản Du lịch Ninh Vân Bay
NWT,Công ty Cổ phần Vận tải Newway
NXT,Công ty Cổ phần Sản xuất và Cung ứng vật liệu xây dựng Kon Tum
OCB,Ngân hàng Thương mại Cổ phần Phương Đông
OCH,Công ty Cổ phần One Capital Hospitality
ODE,Công ty cổ phần Tập đoàn Truyền thông và Giải trí ODE
OGC,Công ty Cổ phần Tập đoàn Đại Dương
OIL,Tổng Công ty Dầu Việt Nam - Công ty Cổ phần
ONE,Công ty Cổ phần Công nghệ ONE
ONW,Công ty Cổ phần Dịch vụ Một Thế giới
OPC,Công ty Cổ phần Dược Phẩm OPC
ORS,Công ty Cổ phần Chứng khoán Tiên Phong
PAC,Công ty Cổ phần Pin Ắc quy Miền Nam
PAI,"Công ty Cổ phần Công nghê thông tin, Viễn thông và Tự động hóa Dầu khí"
PAN,Công ty Cổ phần Tập đoàn PAN
PAP,Công ty Cổ phần Dầu khí đầu tư khai thác Cảng Phước An
PAS,Công ty Cổ phần Quốc tế Phương Anh
PAT,Công ty Cổ phần Phốt pho Apatit Việt Nam
PBC,Công ty Cổ phần Dược Phẩm Trung ương 1 - Pharbaco
PBP,Công ty Cổ phần Bao bì Dầu khí Việt Nam
PBT,Công ty Cổ Phần Nhà và Thương mại Dầu khí
PC1,Công ty Cổ phần Tập đoàn PC1
PCC,Công ty Cổ phần Tập đoàn Xây lắp 1 - Petrolimex
PCE,Công ty Cổ phần Phân bón và hóa chất dầu khí Miền Trung
PCF,Công ty Cổ phần Cà phê PETEC
PCG,Công ty Cổ phần Đầu tư Phát triển Gas Đô thị
PCH,Công ty Cổ phần Nhựa Picomat
PCM,Công ty Cổ phần Vật liệu Xây dựng Bưu điện
PCN,Công ty Cổ phần Hóa phẩm dầu khí DMC - Miền Bắc
PCT,Công ty Cổ phần Vận tải Khí và Hóa chất Việt Nam
PDB,Công ty Cổ phần Tập đoàn Đầu tư DIN Capital
PDC,Công ty Cổ phần Du lịch Dầu khí Phương Đông
PDN,Công ty Cổ phần Cảng Đồng Nai
PDR,Công ty Cổ phần Phát triển Bất động sản Phát Đạt
PDV,Công ty Cổ phần Vận tải và Tiếp vận Phương Đông Việt
PEC,Công ty Cổ phần Cơ khí Điện lực
PEG,Tổng Công ty Thương mại Kỹ thuật và Đầu tư - Công ty Cổ phần
PEN,Công ty Cổ phần Xây lắp III Petrolimex
PEQ,Công ty Cổ phần Thiết bị xăng dầu Petrolimex
PET,Tổng Công ty Cổ phần Dịch vụ Tổng hợp Dầu khí
PFL,Công ty Cổ phần Dầu khí Đông Đô
PGB,Ngân hàng Thương mại Cổ phần Thịnh vượng và Phát triển
PGC,Tổng Công ty Gas Petrolimex - Công ty Cổ phần
PGD,Công ty Cổ phần Phân phối khí thấp áp dầu khí Việt Nam
PGI,Tổng Công ty Cổ phần Bảo hiểm Petrolimex
PGN,Công ty Cổ phần Phụ Gia Nhựa
PGS,Công ty Cổ phần Kinh doanh Khí Miền Nam
PGT,Công ty Cổ phần PGT Holdings
PGV,Tổng Công ty Phát điện 3 - Công ty Cổ phần
PHC,Công ty Cổ phần Xây dựng Phục Hưng Holdings
PHH,Công ty Cổ phần Hồng Hà Việt Nam
PHN,Công ty Cổ phần Pin Hà Nội
PHP,Công ty Cổ phần Cảng Hải Phòng
PHR,Công ty Cổ phần Cao su Phước Hòa
PHS,Công ty Cổ phần Chứng khoán Phú Hưng
PIA,Công ty Cổ phần Tin học Viễn thông Petrolimex
PIC,Công ty Cổ phần Đầu tư Điện lực 3
PID,Công ty Cổ phần Trang trí nội thất Dầu khí
PIS,Tổng Công ty Pisico Bình Định - Công ty Cổ phần
PIT,Công ty Cổ phần Xuất nhập khẩu Petrolimex
PIV,Công ty Cổ phần PIV
PJC,Công ty Cổ phần Thương mại và Vận tải Petrolimex Hà Nội
PJS,Công ty Cổ phần Cấp nước Phú Hòa Tân
PJT,Công ty Cổ phần Vận tải Xăng dầu đường thủy Petrolimex
PLA,Công ty Cổ phần Đầu tư và Dịch vụ hạ tầng Xăng dầu
PLC,Tổng Công ty Hóa dầu Petrolimex - Công ty Cổ phần
PLE,Công ty Cổ phần Tư vấn Xây dựng Petrolimex
PLO,Công ty Cổ phần Kho vận Petec
PLP,Công ty Cổ phần Sản xuất và Công nghệ Nhựa Pha Lê
PLX,Tập đoàn Xăng dầu Việt Nam
PMB,Công ty Cổ phần Phân bón và Hóa chất Dầu khí Miền Bắc
PMC,Công ty Cổ phần Dược phẩm Dược liệu Pharmedic
PMG,Công ty Cổ phần Đầu tư và Sản xuất Petro Miền Trung
PMJ,Công ty cổ phần Vật tư Bưu điện
PMP,Công ty Cổ phần Bao bì Đạm Phú Mỹ
PMS,Công ty Cổ phần Cơ khí Xăng dầu
PMT,Công ty Cổ phần Viễn thông Telvina Việt Nam
PMW,Công ty Cổ phần Cấp Nước Phú Mỹ
PNC,Công ty Cổ phần Văn hóa Phương Nam
PND,Công ty Cổ phần Xăng dầu Dầu khí Nam Định
PNG,Công ty Cổ phần Thương Mại Phú Nhuận
PNJ,Công ty Cổ phần Vàng bạc Đá quý Phú Nhuận
PNP,Công ty Cổ phần Tân Cảng – Phú Hữu
PNT,Công ty Cổ phần Kỹ thuật Xây dựng Phú Nhuận
POB,Công ty Cổ phần Xăng dầu Dầu khí Thái Bình
POM,Công ty Cổ phần Thép Pomina
POS,"Công ty Cổ phần Dịch vụ lắp đặt, vận hành và bảo dưỡng công trình dầu khí biển PTSC"
POT,Công ty Cổ phần Thiết bị Bưu điện
POV,Công ty Cổ phần Xăng dầu Dầu khí Vũng Áng
POW,Tổng Công ty Điện lực Dầu khí Việt Nam - CTCP
PPC,Công ty Cổ phần Nhiệt điện Phả Lại
PPE,Công ty Cổ phần Tư vấn Đầu tư PP Enterprise
PPH,Tổng Công ty Cổ phần Phong Phú
PPI,Công ty Cổ phần Đầu tư và Phát triển dự án hạ tầng Thái Bình Dương
PPP,Công ty Cổ phần Dược phẩm Phong Phú
PPS,Công ty Cổ phần Dịch vụ Kỹ thuật Điện lực Dầu khí Việt Nam
PPT,Công ty cổ phần Petro Times
PPY,Công ty Cổ phần Xăng dầu dầu khí Phú Yên
PQN,Công ty Cổ phần Dịch vụ Dầu khí Quảng Ngãi PTSC
PRC,Công ty Cổ phần Logistics Portserco
PRE,Tổng Công ty Cổ phần Tái bảo hiểm Hà Nội
PRO,Công ty Cổ phần Procimex Việt Nam
PRT,Tổng Công ty Sản xuất - Xuất nhập khẩu Bình Dương - Công ty cổ phần
PSB,Công ty Cổ phần Đầu tư Dầu khí Sao Mai Bến Đình
PSC,Công ty Cổ phần Vận tải và Dịch vụ Petrolimex Sài Gòn
PSD,Công ty Cổ phần Dịch vụ Phân phối Tổng hợp Dầu khí
PSE,Công ty Cổ phần Phân bón và hóa chất dầu khí Đông Nam Bộ
PSG,Công ty Cổ phần Đầu tư và Xây lắp Dầu khí Sài Gòn
PSH,Công ty Cổ phần Thương mại Đầu tư Dầu khí Nam Sông Hậu
PSI,Công ty Cổ phần Chứng khoán Dầu khí
PSL,Công ty Cổ phần Chăn nuôi Phú Sơn
PSN,Công ty Cổ phần Dịch vụ Kỹ thuật PTSC Thanh Hóa
PSP,Công ty Cổ phần Cảng Dịch vụ Dầu khí Đình Vũ
PSW,Công ty Cổ phần Phân bón và hóa chất dầu khí Tây Nam Bộ
PTB,Công ty Cổ phần Phú Tài
PTC,Công ty Cổ phần Đầu tư ICAPITAL
PTD,Công ty Cổ phần Thiết kế - Xây dựng - Thương mại Phúc Thịnh
PTE,Công ty Cổ phần Xi măng Phú Thọ
PTG,Công ty Cổ phần May Xuất Khẩu Phan Thiết
PTH,Công ty Cổ phần Vận tải và Dịch vụ Petrolimex Hà Tây
PTI,Tổng Công ty Cổ phần Bảo hiểm Bưu điện
PTL,Công ty Cổ phần Victory Capital
PTN,Công ty Cổ phần Phát triển Nhà Khánh Hòa
PTO,Công ty Cổ phần Dịch vụ - Xây dựng Công trình Bưu điện
PTP,Công ty Cổ phần Dịch vụ Viễn Thông và In Bưu điện
PTS,Công ty Cổ phần Vận tải và Dịch vụ Petrolimex Hải Phòng
PTT,Công ty Cổ phần Vận tải Dầu khí Đông Dương
PTV,Công ty Cổ phần Thương mại Dầu khí
PTX,Công ty Cổ phần Vận tải và Dịch vụ Petrolimex Nghệ Tĩnh
PV2,Công ty Cổ phần Đầu tư PV2
PVA,Công ty Cổ phần Tổng Công ty Xây lắp Dầu khí Nghệ An
PVB,Công ty Cổ phần Bọc ống Dầu khí Việt Nam
PVC,Tổng Công ty Hóa chất và Dịch vụ Dầu khí - Công ty Cổ phần
PVD,Tổng Công ty Cổ phần Khoan và Dịch vụ khoan Dầu khí
PVE,Tổng Công ty Tư vấn Thiết kế Dầu khí - Công ty Cổ phần
PVG,Công ty Cổ phần Kinh doanh LPG Việt Nam
PVH,Công ty Cổ phần Xây lắp Dầu khí Thanh Hóa
PVI,Công ty Cổ phần PVI
PVL,Công ty Cổ phần Đầu tư Nhà Đất Việt
PVM,Công ty Cổ phần Máy - Thiết bị Dầu khí
PVO,Công ty Cổ phần Dầu nhờn PV Oil
PVP,Công ty Cổ phần Vận tải Dầu khí Thái Bình Dương
PVR,Công ty Cổ phần Đầu tư PVR Hà Nội
PVS,Tổng Công ty Cổ phần Dịch vụ Kỹ thuật Dầu khí Việt Nam
PVT,Tổng Công ty Cổ phần Vận tải Dầu khí
PVV,Công ty Cổ phần Vinaconex 39
PVX,Tổng Công ty Cổ phần Xây lắp Dầu khí Việt Nam
PVY,Công ty Cổ phần Chế tạo Giàn khoan Dầu khí
PWA,Công ty Cổ phần Bất động sản dầu khí
PWS,Công ty Cổ phần Cấp thoát nước Phú Yên
PX1,Công ty Cổ phần Xi măng Sông Lam 2
PXA,Công ty Cổ phần Đầu tư và Thương mại Dầu khí Nghệ An
PXC,Công ty Cổ phần Phát triển Đô thị Dầu khí
PXI,Công ty Cổ phần Xây dựng Công nghiệp và Dân dụng Dầu khí
PXL,Công ty Cổ phần Đầu tư Khu Công Nghiệp Dầu khí Long Sơn
PXM,Công ty Cổ phần Xây lắp Dầu khí Miền Trung
PXS,Công ty Cổ phần Kết cấu Kim loại và Lắp máy Dầu khí
PXT,Công ty Cổ phần Xây lắp Đường ống Bể chứa Dầu khí
QBS,Công ty Cổ phần Xuất nhập khẩu Quảng Bình
QCC,Công ty Cổ phần Đầu tư Xây dựng và Phát triển Hạ tầng Viễn Thông
QCG,Công ty Cổ phần Quốc Cường Gia Lai
QHD,Công ty Cổ phần Que hàn điện Việt Đức
QHW,Công ty Cổ phần Nước khoáng Quảng Ninh
QNC,Công ty Cổ phần Xi măng và Xây dựng Quảng Ninh
QNS,Công ty Cổ phần Đường Quảng Ngãi
QNT,Công ty Cổ phần Tư vấn và Đầu tư Phát triển Quảng Nam
QNU,Công ty Cổ phần Môi trường Đô thị Quảng Nam
QNW,Công ty Cổ phần Cấp thoát nước và xây dựng Quảng Ngãi
QPH,Công ty Cổ phần Thủy điện Quế Phong
QSP,Công ty Cổ phần Tân cảng Quy Nhơn
QST,Công ty Cổ phần Sách và Thiết bị trường học Quảng Ninh
QTC,Công ty Cổ phần Công trình Giao thông Vận tải Quảng Nam
QTP,Công ty Cổ phần Nhiệt điện Quảng Ninh
RAL,Công ty Cổ phần Bóng đèn Phích nước Rạng Đông
RAT,Công ty Cổ phần Vận tải và Thương mại Đường sắt
RBC,Công ty Cổ phần Công Nghiệp và Xuất nhập khẩu Cao Su
RCC,Công ty Cổ phần Tổng Công ty Công trình Đường sắt
RCD,Công ty Cổ phần Xây dựng - Địa ốc Cao su
RCL,Công ty Cổ phần Địa ốc Chợ Lớn
RDP,Công ty Cổ phần Rạng Đông Holding
REE,Công ty Cổ phần Cơ điện Lạnh
RGC,Công ty Cổ phần Đầu tư PV-Inconess
RIC,Công ty Cổ phần Quốc Tế Hoàng Gia
ROS,Công ty Cổ phần Xây dựng FLC FAROS
RTB,Công ty Cổ phần Cao su Tân Biên
S12,Công ty Cổ phần Sông Đà 12
S27,Công ty Cổ phần Sông Đà 27
S4A,Công ty Cổ phần Thủy điện Sê San 4A
S55,Công ty Cổ phần Sông Đà 505
S72,Công ty Cổ phần Sông Đà 7.02
S74,Công ty Cổ phần Sông Đà 7.04
S96,Công ty Cổ phần Sông Đà 9.06
S99,Công ty Cổ phần SCI
SAB,Tổng Công ty Cổ phần Bia - Rượu - Nước Giải khát Sài Gòn
SAC,Công ty Cổ phần Xếp dỡ và Dịch vụ cảng Sài Gòn
SAF,Công ty Cổ phần Lương thực Thực phẩm SAFOCO
SAL,Công ty Cổ phần Trục vớt Cứu hộ Việt Nam
SAM,Công ty Cổ phần SAM Holdings
SAP,Công ty Cổ phần In Sách Giáo khoa TP.Hồ Chí Minh
SAS,Công ty Cổ phần Dịch vụ Hàng không Sân bay Tân Sơn Nhất
SAV,Công ty Cổ phần Hợp tác Kinh tế và Xuất nhập khẩu Savimex
SB1,Công ty Cổ phần Bia Sài Gòn - Nghệ Tĩnh
SBA,Công ty Cổ phần Sông Ba
SBD,Công ty Cổ phần Công nghệ Sao Bắc Đẩu
SBG,Công ty Cổ Phần Tập Đoàn Cơ Khí Công Nghệ Cao Siba
SBH,Công ty Cổ phần Thủy điện Sông Ba Hạ
SBL,Công ty Cổ phần Bia Sài Gòn - Bạc Liêu
SBM,Công ty Cổ phần Đầu tư phát triển Bắc Minh
SBR,Công ty Cổ phần Cao su Sông Bé
SBS,Công ty Cổ phần Chứng khoán SBS
SBT,Công ty Cổ phần Thành Thành Công - Biên Hòa
SBV,Công ty Cổ phần Siam Brothers Việt Nam
SC5,Công ty Cổ phần Xây dựng số 5
SCC,Công ty Cổ phần Thương mại Đầu tư SHB
SCD,Công ty Cổ phần Nước giải khát Chương Dương
SCG,Công ty Cổ phần Tập đoàn Xây dựng SCG
SCI,Công ty Cổ phần SCI E&C
SCJ,Công ty Cổ phần Xi măng Sài Sơn
SCL,Công ty Cổ phần Sông Đà Cao Cường
SCO,Công ty Cổ phần Công nghiệp Thủy sản
SCR,Công ty Cổ phần Địa Ốc Sài Gòn Thương Tín
SCS,Công ty Cổ phần Dịch vụ Hàng hóa Sài Gòn
SCY,Công ty Cổ phần Đóng tàu Sông Cấm
SD1,Công ty Cổ phần Sông Đà 1
SD2,Công ty Cổ phần Sông Đà 2
SD3,Công ty Cổ phần Sông Đà 3
SD4,Công ty Cổ phần Sông Đà 4
SD5,Công ty Cổ phần Sông Đà 5
SD6,Công ty Cổ phần Sông Đà 6
SD7,Công ty Cổ phần Sông Đà 7
SD8,Công ty Cổ phần Sông Đà 8
SD9,Công ty Cổ phần Sông Đà 9
SDA,Công ty Cổ phần SIMCO Sông Đà
SDB,Công ty Cổ phần Sông Đà 207
SDC,Công ty Cổ phần Tư vấn Sông Đà
SDD,Công ty Cổ phần Đầu tư và Xây lắp Sông Đà
SDG,Công ty Cổ phần Sadico Cần Thơ
SDJ,Công ty Cổ phần Sông Đà 25
SDK,Công ty Cổ phần Cơ khí Luyện Kim
SDN,Công ty Cổ phần Sơn Đồng Nai
SDP,Công ty Cổ phần SDP
SDT,Công ty Cổ phần Sông Đà 10
SDU,Công ty Cổ phần Đầu tư Xây dựng và Phát triển Đô thị Sông Đà
SDV,Công ty Cổ phần Dịch vụ Sonadezi
SDX,Công ty Cổ phần Phòng cháy chữa cháy và Đầu tư Xây dựng Sông Đà
SDY,Công ty Cổ phần Xi măng Sông Đà Yaly
SEA,Tổng Công ty Thủy sản Việt Nam - Công ty Cổ phần
SEB,Công ty Cổ phần Đầu tư và Phát triển Điện Miền Trung
SED,Công ty Cổ phần Đầu tư và Phát triển Giáo dục Phương Nam
SEP,Công ty Cổ phần Tổng Công ty Thương mại Quảng Trị
SFC,Công ty Cổ phần Nhiên liệu Sài Gòn
SFG,Công ty Cổ phần Phân bón Miền Nam
SFI,Công ty Cổ phần Đại lý Vận tải SAFI
SFN,Công ty Cổ phần Dệt lưới Sài Gòn
SGB,Ngân hàng Thương mại Cổ phần Sài Gòn Công thương
SGC,Công ty Cổ phần Xuất nhập khẩu Sa Giang
SGD,Công ty Cổ phần Sách Giáo dục tại Thành phố Hồ Chí Minh
SGH,Công ty Cổ phần Khách sạn Sài Gòn
SGI,Công ty Cổ phần Đầu tư phát triển Sài Gòn 3 Group
SGN,Công ty Cổ phần Phục vụ mặt đất Sài Gòn
SGO,Công ty Cổ phần Dầu thực vật Sài Gòn
SGP,Công ty Cổ phần Cảng Sài Gòn
SGR,Công ty Cổ phần Tổng Công ty Cổ phần Địa ốc Sài Gòn
SGS,Công ty Cổ phần Vận tải biển Sài Gòn
SGT,Công ty Cổ phần Công nghệ Viễn thông Sài Gòn
SHA,Công ty Cổ phần Sơn Hà Sài Gòn
SHB,Ngân hàng Thương mại Cổ phần Sài Gòn – Hà Nội
SHC,Công ty Cổ phần Hàng hải Sài Gòn
SHE,Công ty Cổ phần Phát triển Năng Lượng Sơn Hà
SHG,Tổng Công ty Cổ phần Sông Hồng
SHI,Công ty Cổ phần Quốc tế Sơn Hà
SHN,Công ty Cổ phần Đầu tư Tổng hợp Hà Nội
SHP,Công ty Cổ phần Thủy điện Miền Nam
SHS,Công ty Cổ phần Chứng khoán Sài Gòn - Hà Nội
SHX,Công ty Cổ phần Sài Gòn Hỏa xa
SID,Công ty Cổ phần Đầu tư Phát triển Sài Gòn Co.op
SIG,Công ty Cổ phần Đầu tư và Thương mại Sông Đà
SII,Công ty Cổ phần Hạ tầng Nước Sài Gòn
SIP,Công ty Cổ phần Đầu tư Sài Gòn VRG
SIV,Công ty Cổ phần SIVICO
SJ1,Công ty Cổ phần Nông nghiệp Hùng Hậu
SJC,Công ty Cổ phần Sông Đà 1.01
SJD,Công ty Cổ phần Thủy điện Cần Đơn
SJE,Công ty Cổ phần Sông Đà 11
SJF,Công ty Cổ phần Đầu tư Sao Thái Dương
SJG,Tổng Công ty Sông Đà
SJM,Công ty Cổ phần Sông Đà 19
SJS,Công ty Cổ phần Đầu tư Phát triển Đô thị và Khu công nghiệp Sông Đà
SKG,Công ty Cổ phần Tàu Cao tốc Superdong - Kiên Giang
SKH,Công ty Cổ phần Nước giải khát Sanest Khánh Hòa
SKN,Công ty Cổ phần Nước giải khát Sanna Khánh Hòa
SKV,Công ty Cổ phần Nước Giải khát Yến sào Khánh Hòa
SLS,Công ty Cổ phần Mía đường Sơn La
SMA,Công ty Cổ phần Thiết bị Phụ tùng Sài Gòn
SMB,Công ty Cổ phần Bia Sài Gòn - Miền Trung
SMC,Công ty Cổ phần Đầu tư Thương mại SMC
SMN,Công ty Cổ phần Sách và thiết bị giáo dục Miền Nam
SMT,Công ty Cổ phần SAMETEL
SNC,Công ty Cổ phần Xuất nhập khẩu Thủy sản Năm Căn
SNZ,Tổng Công ty Cổ phần Phát triển Khu Công nghiệp
SP2,Công ty Cổ phần Thủy điện Sử Pán 2
SPB,Công ty Cổ phần Sợi Phú Bài
SPC,Công ty Cổ phần Bảo vệ Thực vật Sài Gòn
SPD,Công ty Cổ phần Xuất nhập khẩu Thủy sản Miền Trung
SPH,Công ty Cổ phần Xuất Nhập khẩu Thủy sản Hà Nội
SPI,Công ty Cổ phần Spiral Galaxy
SPM,Công ty Cổ phần S.P.M
SPV,Công ty Cổ phần Thủy Đặc Sản
SQC,Công ty Cổ phần Khoáng sản Sài Gòn - Quy Nhơn
SRA,Công ty Cổ phần SARA Việt Nam
SRB,Công ty Cổ phần Tập đoàn Sara
SRC,Công ty Cổ phần Cao su Sao Vàng
SRF,Công ty Cổ phần Searefico
SRT,Công ty Cổ phần Vận tải Đường sắt Sài Gòn
SSB,Ngân hàng Thương mại Cổ phần Đông Nam Á
SSC,Công ty Cổ phần Giống cây trồng Miền Nam
SSF,Công ty Cổ phần Giáo dục G Sài Gòn
SSG,Công ty Cổ phần Vận tải Biển Hải Âu
SSH,Công ty Cổ phần Phát triển Sunshine Homes
SSI,Công ty Cổ phần Chứng khoán SSI
SSM,Công ty Cổ phần Chế tạo kết cấu thép VNECO.SSM
SSN,Công ty Cổ phần Xuất nhập khẩu Thủy sản Sài Gòn
ST8,Công ty Cổ phần Đầu tư Phát triển ST8
STB,Ngân hàng Thương mại Cổ phần Sài Gòn Thương Tín
STC,Công ty Cổ phần Sách và Thiết bị trường học Thành phố Hồ Chí Minh
STG,Công ty Cổ phần Kho Vận Miền Nam
STH,Công ty Cổ phần Phát hành sách Thái Nguyên
STK,Công ty Cổ phần Sợi Thế Kỷ
STL,Công ty Cổ phần Sông Đà - Thăng Long
STP,Công ty Cổ phần Công nghiệp Thương mại Sông Đà
STS,Công ty Cổ phần Dịch vụ vận tải Sài Gòn
STT,Công ty Cổ phần Vận chuyển Sài Gòn Tourist
STW,Công ty Cổ phần Cấp nước Sóc Trăng
SVC,Công ty Cổ phần Dịch vụ tổng hợp Sài Gòn
SVD,Công ty Cổ phần Đầu tư & Thương mại Vũ Đăng
SVG,Công ty Cổ phần Hơi kỹ nghệ Que hàn
SVH,Công ty Cổ phần Thủy điện Sông Vàng
SVI,Công ty Cổ phần Bao bì Biên Hòa
SVN,Công ty Cổ phần Tập đoàn Vexilla Việt Nam
SVT,Công ty Cổ phần Công nghệ Sài Gòn Viễn Đông
SWC,Tổng Công ty Cổ phần Đường Sông Miền Nam
SZB,Công ty Cổ phần Sonadezi Long Bình
SZC,Công ty Cổ phần Sonadezi Châu Đức
SZE,Công ty Cổ phần Môi trường Sonadezi
SZG,Công ty Cổ phần Sonadezi Giang Điền
SZL,Công ty Cổ phần Sonadezi Long Thành
TA3,Công ty cổ phần Đầu tư và Xây lắp Thành An 386
TA6,Công ty Cổ phần Đầu tư và Xây lắp Thành An 665
TA9,Công ty Cổ phần Xây lắp Thành An 96
TAN,Công ty Cổ phần Cà phê Thuận An
TAR,Công ty Cổ phần Nông nghiệp Công nghệ cao Trung An
TAW,Công ty Cổ phần Cấp nước Trung An
TB8,Công ty Cổ phần Sản xuất và Kinh doanh Vật tư Thiết bị - VVMI
TBC,Công ty Cổ phần Thủy điện Thác Bà
TBD,Tổng công ty Thiết bị điện Đông Anh - Công ty Cổ phần
TBH,Công ty Cổ phần Tổng Bách Hóa
TBR,Công ty Cổ phần Địa ốc Tân Bình
TBT,Công ty Cổ phần Xây dựng Công trình Giao thông Bến Tre
TBW,Công ty cổ phần Nước sạch Thái Bình
TBX,Công ty Cổ phần Xi măng Thái Bình
TC6,Công ty Cổ phần Than Cọc Sáu - Vinacomin
TCB,Ngân hàng Thương mại Cổ phần Kỹ thương Việt Nam
TCD,Công ty Cổ phần Đầu tư Phát triển Công nghiệp và Vận tải
TCH,Công ty Cổ phần Đầu tư Dịch vụ Tài chính Hoàng Huy
TCI,Công ty Cổ phần Chứng khoán Thành Công
TCJ,Công ty Cổ phần Tô Châu
TCK,Tổng Công ty Cơ khí Xây dựng - CTCP
TCL,Công ty Cổ phần Đại lý Giao nhận Vận tải Xếp dỡ Tân Cảng
TCM,Công ty Cổ phần Dệt may - Đầu tư - Thương mại Thành Công
TCO,Công ty Cổ phần TCO Holdings
TCR,Công ty Cổ phần Công nghiệp Gốm sứ TAICERA
TCT,Công ty Cổ phần Cáp treo Núi Bà Tây Ninh
TCW,Công ty Cổ phần Kho Vận Tân Cảng
TDB,Công ty Cổ phần Thủy điện Định Bình
TDC,Công ty Cổ phần Kinh doanh và Phát triển Bình Dương
TDF,Công ty Cổ phần Trung Đô
TDG,Công ty Cổ phần Đầu tư TDG Global
TDH,Công ty Cổ phần Phát triển Nhà Thủ Đức
TDI,Công ty Cổ phần Tập đoàn TDI 
TDM,Công ty Cổ phần Nước Thủ Dầu Một
TDN,Công ty Cổ phần Than Đèo Nai - Vinacomin
TDP,Công ty Cổ phần Thuận Đức
TDS,Công ty Cổ phần Thép Thủ Đức - VNSTEEL
TDT,Công ty Cổ phần Đầu tư và Phát triển TDT
TDW,Công ty Cổ phần Cấp nước Thủ Đức
TED,Tổng Công ty Tư vấn Thiết kế Giao thông Vận tải - CTCP
TEG,Công ty Cổ phần Năng Lượng và Bất động sản Trường Thành
TEL,Công ty Cổ phần Phát triển công trình viễn thông
TET,Công ty Cổ phần Vải sợi May mặc Miền Bắc
TFC,Công ty Cổ phần Trang
TGG,Công ty Cổ phần The Golden Group
TGP,Công ty Cổ phần Trường Phú
TH1,Công ty Cổ phần Xuất nhập khẩu Tổng hợp I Việt Nam
THB,Công ty Cổ phần Bia Hà Nội - Thanh Hóa
THD,Công ty Cổ phần Thaiholdings
THG,Công ty Cổ phần Đầu tư và Xây dựng Tiền Giang
THM,Công ty Cổ phần Tứ Hải Hà Nam
THN,Công ty Cổ phần Cấp nước Thanh Hóa
THP,Công ty Cổ phần Thủy sản và Thương mại Thuận Phước
THS,Công ty Cổ phần Thanh Hoa Sông Đà
THT,Công ty Cổ phần Than Hà Tu - Vinacomin
THU,Công ty Cổ phần Môi trường và Công trình đô thị Thanh Hóa
THW,Công ty Cổ phần Cấp nước Tân Hòa
TID,Công ty Cổ phần Tổng Công ty Tín Nghĩa
TIE,Công ty Cổ phần TIE
TIG,Công ty Cổ phần Tập đoàn Đầu tư Thăng Long
TIN,Công ty Tài chính Cổ phần Tín Việt
TIP,Công ty Cổ phần Phát triển Khu công nghiệp Tín Nghĩa
TIS,Công ty Cổ phần Gang thép Thái Nguyên
TIX,Công ty Cổ phần Sản xuất Kinh doanh Xuất nhập khẩu Dịch vụ và Đầu tư Tân Bình
TJC,Công ty Cổ phần Dịch vụ Vận tải và Thương mại
TKA,Công ty Cổ phần Bao bì Tân Khánh An
TKC,Công ty Cổ phần Xây dựng và Kinh doanh Địa ốc Tân Kỷ
TKG,Công ty Cổ phần Sản xuất và Thương mại Tùng Khánh
TKU,Công ty Cổ phần Công nghiệp Tung Kuang
TL4,Tổng Công ty Xây dựng Thủy lợi 4 - Công ty Cổ phần
TLD,Công ty Cổ phần Đầu tư Xây dựng và Phát triển Đô thị Thăng Long
TLG,Công ty Cổ phần Tập đoàn Thiên Long
TLH,Công ty Cổ phần Tập đoàn Thép Tiến Lên
TLI,Công ty Cổ phần May Quốc tế Thắng Lợi
TLP,Tổng Công ty Thương mại Xuất nhập khẩu Thanh Lễ - CTCP
TLT,Công ty Cổ phần Viglacera Thăng Long
TMB,Công ty Cổ phần Kinh doanh Than Miền Bắc - Vinacomin
TMC,Công ty Cổ phần Thương mại Xuất nhập khẩu Thủ Đức
TMG,Công ty Cổ phần Kim loại màu Thái Nguyên - Vimico
TMP,Công ty Cổ phần Thủy điện Thác Mơ
TMS,Công ty Cổ phần Transimex
TMT,Công ty Cổ phần Ô tô TMT
TMW,Công ty Cổ phần Tổng hợp Gỗ Tân Mai
TMX,Công ty Cổ phần VICEM Thương mại Xi măng
TN1,Công ty Cổ phần Thương mại Dịch vụ TNS Holdings
TNA,Công ty Cổ phần Thương mại Xuất nhập khẩu Thiên Nam
TNB,Công ty Cổ phần Thép Nhà Bè - VNSTEEL
TNC,Công ty Cổ phần Cao su Thống Nhất
TNG,Công ty Cổ phần Đầu tư và Thương mại TNG
TNH,Công ty Cổ phần Bệnh viện Quốc tế Thái Nguyên
TNI,Công ty Cổ phần Tập đoàn Thành Nam
TNM,Công ty Cổ phần Xuất nhập khẩu và Xây dựng Công trình
TNP,Công ty Cổ phần Cảng Thị Nại
TNS,Công ty Cổ phần Thép Tấm Lá Thống Nhất
TNT,Công ty Cổ phần Tập đoàn TNT
TNW,Công ty Cổ phần Nước sạch Thái Nguyên
TOP,Công ty Cổ phần Phân phối Top One
TOS,Công ty Cổ phần Dịch vụ biển Tân Cảng
TOT,Công ty Cổ phần Transimex Logistics
TOW,Công ty Cổ phần Cấp nước Trà Nóc - Ô Môn
TPB,Ngân hàng Thương mại Cổ phần Tiên Phong
TPC,Công ty Cổ phần Nhựa Tân Đại Hưng
TPH,Công ty Cổ phần In Sách giáo khoa tại Thành phố Hà Nội
TPP,Công ty Cổ phần Tân Phú Việt Nam
TPS,Công ty Cổ phần Bến bãi vận tải Sài Gòn
TQN,Công ty Cổ phần Thông Quảng Ninh
TQW,Công ty Cổ phần Cấp thoát nước Tuyên Quang
TR1,Công ty Cổ phần Vận Tải 1 Traco
TRA,Công ty Cổ phần Traphaco
TRC,Công ty Cổ phần Cao su Tây Ninh
TRS,Công ty Cổ phần Vận tải và Dịch vụ Hàng Hải
TRT,Công ty Cổ phần RedstarCera
TS3,Công ty Cổ phần Trường Sơn 532
TS4,Công ty Cổ phần Thủy sản số 4
TSB,Công ty Cổ phần Ắc quy Tia Sáng
TSC,Công ty Cổ phần Vật tư Kỹ thuật Nông nghiệp Cần Thơ
TSD,Công ty Cổ phần Du lịch Trường Sơn Coecco
TSG,Công ty Cổ phần Thông tin Tín hiệu Đường sắt Sài Gòn
TSJ,Công ty Cổ phần Du lịch Dịch vụ Hà Nội
TST,Công ty Cổ phần Dịch vụ Kỹ thuật Viễn thông
TTA,Công ty Cổ phần Đầu tư Xây dựng và Phát triển Trường Thành
TTB,Công ty Cổ phần Tập đoàn Tiến Bộ
TTC,Công ty Cổ phần Gạch men Thanh Thanh
TTD,Công ty Cổ phần Bệnh viện Tim Tâm Đức
TTE,Công ty Cổ phần Đầu tư Năng lượng Trường Thịnh
TTF,Công ty Cổ phần Tập đoàn Kỹ nghệ Gỗ Trường Thành
TTG,Công ty Cổ phần May Thanh Trì
TTH,Công ty Cổ phần Thương mại và Dịch vụ Tiến Thành
TTL,Tổng Công ty Thăng Long - Công ty Cổ phần
TTN,Công ty Cổ phần Công nghệ & Truyền thông Việt Nam
TTP,Công ty Cổ phần Bao bì Tân Tiến
TTS,Công ty Cổ phần Cán thép Thái Trung
TTT,Công ty Cổ phần Du Lịch - Thương Mại Tây Ninh
TTZ,Công ty Cổ phần Đầu tư Xây dựng và Công nghệ Tiến Trung
TUG,Công ty Cổ phần Lai dắt và Vận tải Cảng Hải Phòng
TV1,Công ty Cổ phần Tư vấn Xây dựng Điện 1
TV2,Công ty Cổ phần Tư vấn Xây dựng Điện 2
TV3,Công ty Cổ phần Tư vấn Xây dựng Điện 3
TV4,Công ty Cổ phần Tư vấn Xây dựng Điện 4
TV6,Công ty Cổ phần Thương mại Đầu tư xây lắp điện Thịnh Vượng
TVA,Công ty cổ phần Sứ Viglacera Thanh Trì
TVB,Công ty Cổ phần Chứng khoán Trí Việt
TVC,Công ty Cổ phần Tập đoàn Quản lý Tài sản Trí Việt
TVD,Công ty Cổ phần Than Vàng Danh - Vinacomin
TVG,Công ty Cổ phần Tư vấn Đầu tư và Xây dựng Giao thông Vận tải
TVH,Công ty Cổ phần Tư vấn Xây dựng công trình Hàng hải
TVM,Công ty Cổ phần Tư vấn đầu tư Mỏ và công nghiệp - Vinacomin
TVN,Tổng Công ty Thép Việt Nam - Công ty Cổ phần
TVP,Công ty Cổ phần Dược phẩm TV.Pharm
TVS,Công ty Cổ phần Chứng khoán Thiên Việt
TVT,Tổng Công ty Việt Thắng - CTCP
TVW,Công ty Cổ phần Cấp thoát nước Trà Vinh
TW3,Công ty Cổ phần Dược Trung Ương 3
TXM,Công ty Cổ phần VICEM Thạch cao Xi Măng
TYA,Công ty Cổ phần Dây và Cáp điện Taya Việt Nam
UCT,Công ty Cổ phần Đô thị Cần Thơ
UDC,Công ty Cổ phần Xây dựng và Phát triển đô thị Tỉnh Bà Rịa - Vũng Tàu
UDJ,Công ty Cổ phần Phát triển Đô thị
UDL,Công ty Cổ phần Đô thị và Môi trường Đắk Lắk
UEM,Công ty Cổ phần Cơ điện Uông Bí - Vinacomin
UIC,Công ty Cổ phần Đầu tư Phát triển Nhà và Đô thị IDICO
UMC,Công ty Cổ phần Công trình đô thị Nam Định
UNI,Công ty Cổ phần Đầu tư và Phát triển Sao Mai Việt
UPC,Công ty Cổ phần Phát triển Công viên Cây xanh và Đô thị Vũng Tàu
UPH,Công ty Cổ phần Dược phẩm TW25
USC,Công ty Cổ phần Khảo sát và Xây dựng - USCO
USD,Công ty Cổ phần Công trình Đô thị Sóc Trăng
V11,Công ty Cổ phần Xây dựng số 11
V12,Công ty Cổ phần Xây dựng số 12
V15,Công ty Cổ phần Xây dựng số 15
V21,Công ty Cổ phần Vinaconex 21
VAB,Ngân hàng Thương mại Cổ phần Việt Á
VAF,Công ty Cổ phần Phân lân nung chảy Văn Điển
VAV,Công ty Cổ phần VIWACO
VBB,Ngân hàng Thương mại Cổ phần Việt Nam Thương Tín
VBC,"Công ty Cổ phần Nhựa, Bao bì Vinh"
VBG,Công ty Cổ phần Địa chất Việt Bắc - TKV
VBH,Công ty Cổ phần Điện tử Bình Hòa
VC1,Công ty Cổ phần Xây dựng số 1
VC2,Công ty Cổ phần Đầu tư và Xây dựng VINA2
VC3,Công ty Cổ phần Tập đoàn Nam Mê Kông
VC5,Công ty Cổ phần xây dựng số 5
VC6,Công ty cổ phần Xây dựng và Đầu tư Visicons
VC7,Công ty Cổ phần Tập đoàn BGI
VC9,Công ty Cổ phần Xây dựng số 9 - VC9
VCA,Công ty Cổ phần Thép VICASA - VNSTEEL
VCB,Ngân hàng Thương mại Cổ phần Ngoại thương Việt Nam
VCC,Công ty Cổ phần Vinaconex 25
VCE,Công ty Cổ phần Xây lắp Môi trường
VCF,Công ty Cổ phần VinaCafé Biên Hòa
VCG,Tổng Công ty Cổ phần Xuất nhập khẩu và Xây dựng Việt Nam
VCI,Công ty Cổ phần Chứng khoán Vietcap
VCM,Công ty Cổ phần Nhân lực và Thương mại Vinaconex
VCP,Công ty Cổ phần Xây dựng và Năng lượng VCP
VCR,Công ty Cổ phần Đầu tư và Phát triển Du lịch Vinaconex
VCS,Công ty Cổ phần VICOSTONE
VCT,Công ty Cổ phần Tư vấn Xây dựng Vinaconex
VCW,Công ty Cổ phần Đầu tư Nước sạch Sông Đà
VCX,Công ty Cổ phần Xi măng Yên Bình
VDB,Công ty Cổ phần Vận tải và Chế biến Than Đông Bắc
VDL,Công ty Cổ phần Thực phẩm Lâm Đồng
VDN,Công ty Cổ phần Vinatex Đà Nẵng
VDP,Công ty Cổ phần Dược phẩm Trung ương VIDIPHA
VDS,Công ty Cổ phần Chứng khoán Rồng Việt
VDT,Công ty Cổ phần Lưới thép Bình Tây
VE1,Công ty Cổ phần Xây dựng điện VNECO 1
VE2,Công ty Cổ phần Xây dựng Điện VNECO 2
VE3,Công ty Cổ phần Xây dựng điện VNECO 3
VE4,Công ty Cổ phần Xây dựng điện VNECO4
VE8,Công ty Cổ phần Xây dựng Điện Vneco 8
VE9,Công ty Cổ phần Đầu tư và Xây dựng VNECO 9
VEA,Tổng Công ty Máy động lực và Máy nông nghiệp Việt Nam - CTCP
VEC,Tổng Công ty Cổ phần Điện tử và Tin học Việt Nam
VEF,Công ty Cổ phần Trung tâm Hội chợ Triển lãm Việt Nam
VES,Công ty Cổ phần Đầu tư và Xây dựng Điện MÊ CA VNECO
VET,Công ty Cổ phần Thuốc Thú y Trung ương NAVETCO
VFC,Công ty Cổ phần VINAFCO
VFG,Công ty Cổ phần Khử trùng Việt Nam
VFR,Công ty Cổ phần Vận tải và Thuê tàu
VFS,Công ty Cổ phần Chứng khoán Nhất Việt
VGC,Tổng Công ty Viglacera - Công ty Cổ phần
VGG,Tổng Công Ty Cổ phần May Việt Tiến
VGI,Tổng Công ty Cổ phần Đầu tư Quốc tế Viettel
VGL,Công ty Cổ phần Mạ kẽm công nghiệp Vingal-Vnsteel
VGP,Công ty Cổ phần Cảng Rau Quả
VGR,Công ty Cổ phần Cảng xanh VIP
VGS,Công ty Cổ phần Ống thép Việt Đức VG PIPE
VGT,Tập đoàn Dệt May Việt Nam
VGV,Tổng Công ty Tư vấn Xây dựng Việt Nam - CTCP
VHC,Công ty Cổ phần Vĩnh Hoàn
VHD,Công ty Cổ phần Đầu tư phát triển nhà và đô thị VINAHUD
VHE,Công ty Cổ phần Dược liệu và Thực phẩm Việt Nam
VHF,Công ty Cổ phần Xây dựng và Chế biến lương thực Vĩnh Hà
VHG,Công ty Cổ phần Đầu tư và Phát triển Việt Trung Nam
VHH,Công ty Cổ phần Đầu tư Kinh doanh nhà Thành Đạt
VHL,Công ty Cổ phần Viglacera Hạ Long
VHM,Công ty Cổ phần Vinhomes
VIB,Ngân hàng Thương mại Cổ phần Quốc tế Việt Nam
VIC,Tập đoàn Vingroup - Công ty CP
VID,Công ty Cổ phần Đầu tư Phát triển Thương mại Viễn Đông
VIE,Công ty Cổ phần Công nghệ Viễn thông VI TE CO
VIF,Tổng Công ty Lâm nghiệp Việt Nam - Công ty Cổ phần
VIG,Công ty Cổ phần Chứng khoán Đầu tư Tài chính Việt Nam
VIH,Công ty Cổ phần Viglacera Hà Nội
VIM,Công ty Cổ phần Khoáng sản Viglacera
VIN,Công ty Cổ phần Giao nhận Kho vận Ngoại thương Việt Nam
VIP,Công ty Cổ phần Vận tải Xăng dầu VIPCO
VIR,Công ty Cổ phần Du lịch Quốc tế Vũng Tàu
VIT,Công ty Cổ phần Viglacera Tiên Sơn
VIW,Tổng công ty Đầu tư Nước và Môi trường Việt Nam - Công ty Cổ phần
VIX,Công ty Cổ phần Chứng khoán VIX
VJC,Công ty Cổ phần Hàng không Vietjet
VKC,Công ty Cổ phần VKC Holdings
VKP,Công ty Cổ phần Nhựa Tân Hóa
VLA,Công ty Cổ phần Đầu tư và Phát triển Công nghệ Văn Lang
VLB,Công ty Cổ phần Xây dựng và Sản xuất Vật liệu Xây dựng Biên Hòa
VLC,Tổng Công ty Chăn nuôi Việt Nam - Công ty Cổ phần
VLF,Công ty Cổ phần Lương thực Thực phẩm Vĩnh Long
VLG,Công ty Cổ phần VIMC Logistics
VLP,Công ty Cổ phần Công trình Công cộng Vĩnh Long
VLW,Công ty Cổ phần Cấp nước Vĩnh Long
VMA,Công ty Cổ phần Công nghiệp Ô tô Vinacomin
VMC,Công ty Cổ phần VIMECO
VMD,Công ty Cổ phần Y Dược phẩm Vimedimex
VMG,Công ty Cổ phần Thương mại và Dịch vụ Dầu khí Vũng Tàu
VMS,Công ty Cổ phần Phát triển Hàng Hải
VMT,Công ty Cổ phần Giao nhận Vận tải Miền Trung
VNA,Công ty Cổ phần Vận tải biển Vinaship
VNB,Công ty Cổ phần Sách Việt Nam
VNC,Công ty Cổ phần Tập đoàn Vinacontrol
VND,Công ty Cổ phần Chứng khoán VNDIRECT
VNE,Tổng Công ty Cổ phần Xây dựng điện Việt Nam
VNF,Công ty Cổ phần Vinafreight
VNG,Công ty Cổ phần Du Lịch Thành Thành Công
VNH,Công ty Cổ phần Đầu tư Việt Việt Nhật
VNI,Công ty Cổ phần Đầu tư Bất động sản Việt Nam
VNL,Công ty Cổ phần Logistics Vinalink
VNM,Công ty Cổ phần Sữa Việt Nam
VNP,Công ty Cổ phần Nhựa Việt Nam
VNR,Tổng Công ty Cổ phần Tái bảo hiểm Quốc gia Việt Nam
VNS,Công ty Cổ phần Ánh Dương Việt Nam
VNT,Công ty Cổ phần Giao nhận Vận tải Ngoại Thương
VNX,Công ty Cổ phần Quảng cáo và Hội chợ Thương mại Vinexad
VNY,Công ty Cổ phần Thuốc thú y Trung ương I
VNZ,Công ty Cổ phần VNG
VOC,Tổng Công ty Công nghiệp Dầu thực vật Việt Nam - Công ty Cổ phần
VOS,Công ty Cổ phần Vận tải Biển Việt Nam
VPA,Công ty Cổ phần Vận tải Hóa dầu VP
VPB,Ngân hàng Thương mại Cổ phần Việt Nam Thịnh Vượng
VPC,Công ty Cổ phần Đầu tư và Phát triển Năng lượng Việt Nam
VPD,Công ty Cổ phần Phát triển Điện lực Việt Nam
VPG,Công ty Cổ phần Đầu tư Thương mại Xuất nhập khẩu Việt Phát
VPH,Công ty Cổ phần Vạn Phát Hưng
VPI,Công ty Cổ phần Đầu tư Văn Phú - Invest
VPR,Công ty Cổ phần VINAPRINT
VPS,Công ty Cổ phần Thuốc sát trùng Việt Nam
VPW,Công ty Cổ phần Cấp thoát nước số 1 Vĩnh Phúc
VQC,Công ty Cổ phần Giám định Vinaconmin
VRC,Công ty Cổ phần Bất động sản và Đầu tư VRC
VRE,Công ty Cổ phần Vincom Retail
VRG,Công ty Cổ phần Phát triển Đô thị và Khu Công nghiệp Cao Su Việt Nam
VSA,Công ty Cổ phần Đại lý Hàng hải Việt Nam
VSC,Công ty Cổ phần Container Việt Nam
VSE,Công ty Cổ phần Dịch vụ Đường cao tốc Việt Nam
VSF,Tổng Công ty Lương thực Miền Nam - Công ty Cổ phần
VSG,Công ty Cổ phần Container Phía Nam
VSH,Công ty Cổ phần Thủy điện Vĩnh Sơn - Sông Hinh
VSI,Công ty Cổ phần Đầu tư và Xây dựng Cấp thoát nước
VSM,Công ty Cổ phần Container Miền Trung
VSN,Công ty Cổ phần Việt Nam Kỹ Nghệ Súc Sản
VST,Công ty Cổ phần Vận tải và Thuê Tàu biển Việt Nam
VTA,Công ty Cổ phần VITALY
VTB,Công ty Cổ phần Viettronics Tân Bình
VTC,Công ty Cổ phần Viễn Thông VTC
VTD,Công ty Cổ phần Vietourist Holdings
VTE,Công ty Cổ phần VINACAP Kim Long
VTG,Công ty Cổ phần Du lịch tỉnh Bà Rịa - Vũng Tàu
VTH,Công ty Cổ phần Dây cáp điện Việt Thái
VTI,Công ty Cổ phần Sản xuất - Xuất nhập khẩu Dệt may
VTJ,Công ty Cổ phần Thương mại và Đầu tư VI NA TA BA
VTK,Công ty Cổ phần Tư vấn và Dịch vụ Viettel
VTL,Công ty Cổ phần Vang Thăng Long
VTM,Công ty Cổ phần Vận tải và Đưa đón thợ mỏ - Vinacomin
VTO,Công ty Cổ phần Vận tải Xăng dầu VITACO
VTP,Tổng Công ty Cổ phần Bưu chính Viettel
VTQ,Công ty Cổ phần Việt Trung Quảng Bình
VTR,Công ty Cổ phần Du lịch và tiếp thị giao thông vận tải Việt Nam - Vietravel
VTS,Công ty Cổ phần Gạch Ngói Từ Sơn
VTV,Công ty Cổ phần Năng lượng và Môi trường VICEM
VTX,Công ty Cổ phần Vận tải Đa phương thức VIETRANSTIMEX
VTZ,Công ty Cổ phần Sản xuất và Thương mại Nhựa Việt Thành
VUA,Công ty Cổ phần Chứng khoán Stanley Brothers
VVN,Tổng Công ty Cổ phần Xây dựng Công nghiệp Việt Nam
VVS,Công ty Cổ phần Đầu tư Phát triển Máy Việt Nam
VW3,Công ty Cổ phần VIWASEEN3
VWS,Công ty Cổ phần Nước và Môi trường Việt Nam
VXB,Công ty Cổ phần Vật liệu xây dựng Bến Tre
VXP,Công ty Cổ phần Thuốc Thú y Trung ương VETVACO
VXT,Công ty Cổ phần Kho vận và dịch vụ thương mại
WCS,Công ty Cổ phần Bến xe Miền Tây
WSB,Công ty Cổ phần Bia Sài Gòn - Miền Tây
WSS,Công ty Cổ phần Chứng khoán Phố Wall
WTC,Công ty Cổ phần Vận tải thủy - Vinacomin
X20,Công ty Cổ phần X20
X26,Công ty Cổ phần 26
X77,Công ty Cổ phần Thành An 77
XDC,Công ty Cổ phần Xây dựng Công trình Tân Cảng
XDH,Công ty Cổ phần Đầu tư Xây dựng Dân dụng Hà Nội
XHC,Công ty Cổ phần Xuân Hòa Việt Nam
XLV,Công ty Cổ phần Xây lắp và Dịch vụ Sông Đà
XMC,Công ty cổ phần Đầu tư và Xây dựng Xuân Mai
XMD,Công ty Cổ phần Xuân Mai - Đạo Tú
XMP,Công ty Cổ phần Thủy điện Xuân Minh
XPH,Công ty Cổ phần Xà phòng Hà Nội
YBC,Công ty Cổ phần Xi măng và Khoáng sản Yên Bái
YBM,Công ty Cổ phần Khoáng sản Công nghiệp Yên Bái
YEG,Công ty Cổ phần Tập đoàn Yeah1
YTC,Công ty Cổ phần Xuất nhập khẩu Y tế Thành phố Hồ Chí Minh
